leg,game_idx,task_type,won,steps,invalid_actions,tokens_in,tokens_out,elapsed_s,gamefile
L1-control-deepseek,0,look_at_obj,0,49,34,97736,289,43.0,/Users/turbineyan/workspace/01-repo/03-agents/Turbo-pi/packages/agent-server/eval/alfworld_data/json_2.1.1/valid_unseen/look_at_obj_in_light-Bowl-None-DeskLamp-308/trial_T20190907_133919_856963/game.tw-pddl
L1-control-deepseek,1,pick_two_obj,0,49,26,108620,571,44.9,/Users/turbineyan/workspace/01-repo/03-agents/Turbo-pi/packages/agent-server/eval/alfworld_data/json_2.1.1/valid_unseen/pick_two_obj_and_place-SoapBar-None-GarbageCan-424/trial_T20190909_064221_368939/game.tw-pddl
L1-control-deepseek,2,pick_cool_then_place,0,49,39,115744,630,43.4,/Users/turbineyan/workspace/01-repo/03-agents/Turbo-pi/packages/agent-server/eval/alfworld_data/json_2.1.1/valid_unseen/pick_cool_then_place_in_recep-Tomato-None-Microwave-10/trial_T20190909_102710_795182/game.tw-pddl
L1-control-deepseek,3,pick_clean_then_place,0,49,33,130312,938,44.4,/Users/turbineyan/workspace/01-repo/03-agents/Turbo-pi/packages/agent-server/eval/alfworld_data/json_2.1.1/valid_unseen/pick_clean_then_place_in_recep-Plate-None-CounterTop-10/trial_T20190908_213420_728917/game.tw-pddl
L1-control-deepseek,4,pick_clean_then_place,0,49,7,130704,1520,45.5,/Users/turbineyan/workspace/01-repo/03-agents/Turbo-pi/packages/agent-server/eval/alfworld_data/json_2.1.1/valid_unseen/pick_clean_then_place_in_recep-SoapBar-None-CounterTop-424/trial_T20190907_074106_050405/game.tw-pddl
L1-control-deepseek,5,pick_cool_then_place,0,49,23,150120,1280,45.4,/Users/turbineyan/workspace/01-repo/03-agents/Turbo-pi/packages/agent-server/eval/alfworld_data/json_2.1.1/valid_unseen/pick_cool_then_place_in_recep-Lettuce-None-CounterTop-10/trial_T20190909_174840_771703/game.tw-pddl
L1-control-deepseek,6,pick_clean_then_place,0,49,36,110014,270,35.8,/Users/turbineyan/workspace/01-repo/03-agents/Turbo-pi/packages/agent-server/eval/alfworld_data/json_2.1.1/valid_unseen/pick_clean_then_place_in_recep-Pan-None-CounterTop-10/trial_T20190908_032518_891433/game.tw-pddl
L1-control-deepseek,7,pick_clean_then_place,0,49,18,149949,2239,49.3,/Users/turbineyan/workspace/01-repo/03-agents/Turbo-pi/packages/agent-server/eval/alfworld_data/json_2.1.1/valid_unseen/pick_clean_then_place_in_recep-Plate-None-CounterTop-10/trial_T20190908_213356_017769/game.tw-pddl
L1-control-deepseek,8,pick_heat_then_place,0,49,31,100130,296,38.8,/Users/turbineyan/workspace/01-repo/03-agents/Turbo-pi/packages/agent-server/eval/alfworld_data/json_2.1.1/valid_unseen/pick_heat_then_place_in_recep-Mug-None-CoffeeMachine-10/trial_T20190907_171933_349922/game.tw-pddl
L1-control-deepseek,9,pick_and_place,0,49,17,112147,1230,42.8,/Users/turbineyan/workspace/01-repo/03-agents/Turbo-pi/packages/agent-server/eval/alfworld_data/json_2.1.1/valid_unseen/pick_and_place_simple-SaltShaker-None-Drawer-10/trial_T20190909_021728_339782/game.tw-pddl
L1-control-deepseek,10,pick_clean_then_place,0,49,36,115482,396,38.8,/Users/turbineyan/workspace/01-repo/03-agents/Turbo-pi/packages/agent-server/eval/alfworld_data/json_2.1.1/valid_unseen/pick_clean_then_place_in_recep-Bowl-None-Cabinet-10/trial_T20190909_061130_844814/game.tw-pddl
L1-control-deepseek,11,pick_and_place,0,49,47,79966,244,39.1,/Users/turbineyan/workspace/01-repo/03-agents/Turbo-pi/packages/agent-server/eval/alfworld_data/json_2.1.1/valid_unseen/pick_and_place_simple-Vase-None-Safe-219/trial_T20190908_205204_244321/game.tw-pddl
L1-control-deepseek,12,pick_cool_then_place,0,49,21,124102,1181,46.0,/Users/turbineyan/workspace/01-repo/03-agents/Turbo-pi/packages/agent-server/eval/alfworld_data/json_2.1.1/valid_unseen/pick_cool_then_place_in_recep-Potato-None-Microwave-10/trial_T20190907_033157_424297/game.tw-pddl
L1-control-deepseek,13,pick_cool_then_place,0,49,38,115328,606,41.9,/Users/turbineyan/workspace/01-repo/03-agents/Turbo-pi/packages/agent-server/eval/alfworld_data/json_2.1.1/valid_unseen/pick_cool_then_place_in_recep-Mug-None-CoffeeMachine-10/trial_T20190907_183715_299073/game.tw-pddl
L1-control-deepseek,14,pick_heat_then_place,0,49,31,107726,809,45.1,/Users/turbineyan/workspace/01-repo/03-agents/Turbo-pi/packages/agent-server/eval/alfworld_data/json_2.1.1/valid_unseen/pick_heat_then_place_in_recep-Egg-None-GarbageCan-10/trial_T20190908_113610_425142/game.tw-pddl
L1-control-deepseek,15,pick_cool_then_place,1,5,0,9471,59,4.4,/Users/turbineyan/workspace/01-repo/03-agents/Turbo-pi/packages/agent-server/eval/alfworld_data/json_2.1.1/valid_unseen/pick_cool_then_place_in_recep-Mug-None-CoffeeMachine-10/trial_T20190907_183853_958104/game.tw-pddl
L1-control-deepseek,16,pick_heat_then_place,0,49,11,119132,1025,49.8,/Users/turbineyan/workspace/01-repo/03-agents/Turbo-pi/packages/agent-server/eval/alfworld_data/json_2.1.1/valid_unseen/pick_heat_then_place_in_recep-Cup-None-Cabinet-10/trial_T20190907_083346_800823/game.tw-pddl
L1-control-deepseek,17,pick_clean_then_place,0,49,13,136940,1782,48.5,/Users/turbineyan/workspace/01-repo/03-agents/Turbo-pi/packages/agent-server/eval/alfworld_data/json_2.1.1/valid_unseen/pick_clean_then_place_in_recep-Mug-None-CoffeeMachine-10/trial_T20190907_221355_558505/game.tw-pddl
L1-control-deepseek,18,pick_clean_then_place,0,49,18,129466,1579,47.4,/Users/turbineyan/workspace/01-repo/03-agents/Turbo-pi/packages/agent-server/eval/alfworld_data/json_2.1.1/valid_unseen/pick_clean_then_place_in_recep-SoapBar-None-Cabinet-424/trial_T20190908_214926_337906/game.tw-pddl
L1-control-deepseek,19,pick_heat_then_place,0,49,28,103366,559,39.8,/Users/turbineyan/workspace/01-repo/03-agents/Turbo-pi/packages/agent-server/eval/alfworld_data/json_2.1.1/valid_unseen/pick_heat_then_place_in_recep-Cup-None-Cabinet-10/trial_T20190907_083507_594820/game.tw-pddl
L1-control-deepseek,20,pick_clean_then_place,0,49,36,111462,304,41.7,/Users/turbineyan/workspace/01-repo/03-agents/Turbo-pi/packages/agent-server/eval/alfworld_data/json_2.1.1/valid_unseen/pick_clean_then_place_in_recep-Knife-None-CounterTop-10/trial_T20190909_110347_624008/game.tw-pddl
L1-control-deepseek,21,pick_clean_then_place,0,49,24,124095,1270,50.8,/Users/turbineyan/workspace/01-repo/03-agents/Turbo-pi/packages/agent-server/eval/alfworld_data/json_2.1.1/valid_unseen/pick_clean_then_place_in_recep-Cloth-None-CounterTop-424/trial_T20190908_114340_674467/game.tw-pddl
L1-control-deepseek,22,look_at_obj,1,11,2,18808,168,9.5,/Users/turbineyan/workspace/01-repo/03-agents/Turbo-pi/packages/agent-server/eval/alfworld_data/json_2.1.1/valid_unseen/look_at_obj_in_light-Bowl-None-DeskLamp-308/trial_T20190907_133953_562557/game.tw-pddl
L1-control-deepseek,23,pick_clean_then_place,0,49,34,121071,815,43.9,/Users/turbineyan/workspace/01-repo/03-agents/Turbo-pi/packages/agent-server/eval/alfworld_data/json_2.1.1/valid_unseen/pick_clean_then_place_in_recep-Egg-None-Microwave-10/trial_T20190909_120712_273910/game.tw-pddl
L1-control-deepseek,24,pick_and_place,0,49,21,113958,1373,49.0,/Users/turbineyan/workspace/01-repo/03-agents/Turbo-pi/packages/agent-server/eval/alfworld_data/json_2.1.1/valid_unseen/pick_and_place_simple-PepperShaker-None-Drawer-10/trial_T20190906_184021_215264/game.tw-pddl
L1-control-deepseek,25,pick_and_place,0,49,46,78399,244,41.8,/Users/turbineyan/workspace/01-repo/03-agents/Turbo-pi/packages/agent-server/eval/alfworld_data/json_2.1.1/valid_unseen/pick_and_place_simple-Pencil-None-Shelf-308/trial_T20190908_122024_052056/game.tw-pddl
L1-control-deepseek,26,pick_and_place,0,49,33,93564,665,46.7,/Users/turbineyan/workspace/01-repo/03-agents/Turbo-pi/packages/agent-server/eval/alfworld_data/json_2.1.1/valid_unseen/pick_and_place_simple-SoapBottle-None-Toilet-424/trial_T20190907_004404_604165/game.tw-pddl
L1-control-deepseek,27,pick_and_place,0,49,34,94059,379,46.8,/Users/turbineyan/workspace/01-repo/03-agents/Turbo-pi/packages/agent-server/eval/alfworld_data/json_2.1.1/valid_unseen/pick_and_place_simple-SaltShaker-None-Cabinet-10/trial_T20190906_191501_563086/game.tw-pddl
L1-control-deepseek,28,pick_and_place,0,49,34,93358,244,54.1,/Users/turbineyan/workspace/01-repo/03-agents/Turbo-pi/packages/agent-server/eval/alfworld_data/json_2.1.1/valid_unseen/pick_and_place_simple-SaltShaker-None-Cabinet-10/trial_T20190906_191429_743650/game.tw-pddl
L1-control-deepseek,29,pick_cool_then_place,0,49,35,125495,605,55.6,/Users/turbineyan/workspace/01-repo/03-agents/Turbo-pi/packages/agent-server/eval/alfworld_data/json_2.1.1/valid_unseen/pick_cool_then_place_in_recep-Lettuce-None-CounterTop-10/trial_T20190909_174807_646433/game.tw-pddl
L1-control-deepseek,30,pick_and_place,0,49,47,80013,244,44.3,/Users/turbineyan/workspace/01-repo/03-agents/Turbo-pi/packages/agent-server/eval/alfworld_data/json_2.1.1/valid_unseen/pick_and_place_simple-Watch-None-Safe-219/trial_T20190907_074556_124850/game.tw-pddl
L1-control-deepseek,31,pick_heat_then_place,0,49,32,112550,914,51.7,/Users/turbineyan/workspace/01-repo/03-agents/Turbo-pi/packages/agent-server/eval/alfworld_data/json_2.1.1/valid_unseen/pick_heat_then_place_in_recep-Apple-None-GarbageCan-10/trial_T20190908_145050_918567/game.tw-pddl
L1-control-deepseek,32,pick_heat_then_place,0,49,28,112602,276,45.0,/Users/turbineyan/workspace/01-repo/03-agents/Turbo-pi/packages/agent-server/eval/alfworld_data/json_2.1.1/valid_unseen/pick_heat_then_place_in_recep-Apple-None-GarbageCan-10/trial_T20190908_145356_918528/game.tw-pddl
L1-control-deepseek,33,look_at_obj,0,49,44,93252,284,43.0,/Users/turbineyan/workspace/01-repo/03-agents/Turbo-pi/packages/agent-server/eval/alfworld_data/json_2.1.1/valid_unseen/look_at_obj_in_light-CD-None-DeskLamp-308/trial_T20190908_141942_810052/game.tw-pddl
L1-control-deepseek,34,pick_cool_then_place,1,4,0,7462,30,4.1,/Users/turbineyan/workspace/01-repo/03-agents/Turbo-pi/packages/agent-server/eval/alfworld_data/json_2.1.1/valid_unseen/pick_cool_then_place_in_recep-Pan-None-CounterTop-10/trial_T20190908_114622_738670/game.tw-pddl
L1-control-deepseek,35,pick_two_obj,0,49,47,94586,251,45.3,/Users/turbineyan/workspace/01-repo/03-agents/Turbo-pi/packages/agent-server/eval/alfworld_data/json_2.1.1/valid_unseen/pick_two_obj_and_place-Pillow-None-Sofa-219/trial_T20190907_163327_486300/game.tw-pddl
L1-control-deepseek,36,pick_heat_then_place,0,49,23,104298,748,48.6,/Users/turbineyan/workspace/01-repo/03-agents/Turbo-pi/packages/agent-server/eval/alfworld_data/json_2.1.1/valid_unseen/pick_heat_then_place_in_recep-Cup-None-Cabinet-10/trial_T20190907_083429_887065/game.tw-pddl
L1-control-deepseek,37,pick_clean_then_place,0,49,28,110295,304,40.5,/Users/turbineyan/workspace/01-repo/03-agents/Turbo-pi/packages/agent-server/eval/alfworld_data/json_2.1.1/valid_unseen/pick_clean_then_place_in_recep-Knife-None-CounterTop-10/trial_T20190909_110531_148235/game.tw-pddl
L1-control-deepseek,38,look_at_obj,1,7,1,11502,81,6.9,/Users/turbineyan/workspace/01-repo/03-agents/Turbo-pi/packages/agent-server/eval/alfworld_data/json_2.1.1/valid_unseen/look_at_obj_in_light-AlarmClock-None-DeskLamp-308/trial_T20190908_222933_607649/game.tw-pddl
L1-control-deepseek,39,pick_cool_then_place,0,49,37,122562,816,47.4,/Users/turbineyan/workspace/01-repo/03-agents/Turbo-pi/packages/agent-server/eval/alfworld_data/json_2.1.1/valid_unseen/pick_cool_then_place_in_recep-Mug-None-CoffeeMachine-10/trial_T20190907_183807_477267/game.tw-pddl
L1-control-deepseek,40,pick_cool_then_place,0,49,29,131574,746,47.6,/Users/turbineyan/workspace/01-repo/03-agents/Turbo-pi/packages/agent-server/eval/alfworld_data/json_2.1.1/valid_unseen/pick_cool_then_place_in_recep-Bread-None-CounterTop-10/trial_T20190908_091811_414150/game.tw-pddl
L1-control-deepseek,41,look_at_obj,0,49,44,91670,261,42.0,/Users/turbineyan/workspace/01-repo/03-agents/Turbo-pi/packages/agent-server/eval/alfworld_data/json_2.1.1/valid_unseen/look_at_obj_in_light-Pencil-None-DeskLamp-308/trial_T20190908_220656_510400/game.tw-pddl
L1-control-deepseek,42,pick_two_obj,0,49,47,94764,244,37.4,/Users/turbineyan/workspace/01-repo/03-agents/Turbo-pi/packages/agent-server/eval/alfworld_data/json_2.1.1/valid_unseen/pick_two_obj_and_place-KeyChain-None-Safe-219/trial_T20190909_012027_782483/game.tw-pddl
L1-control-deepseek,43,pick_two_obj,0,49,36,111177,266,40.3,/Users/turbineyan/workspace/01-repo/03-agents/Turbo-pi/packages/agent-server/eval/alfworld_data/json_2.1.1/valid_unseen/pick_two_obj_and_place-PepperShaker-None-Drawer-10/trial_T20190908_010306_215435/game.tw-pddl
L1-control-deepseek,44,pick_cool_then_place,0,49,35,124643,822,41.6,/Users/turbineyan/workspace/01-repo/03-agents/Turbo-pi/packages/agent-server/eval/alfworld_data/json_2.1.1/valid_unseen/pick_cool_then_place_in_recep-Pan-None-CounterTop-10/trial_T20190908_114545_244903/game.tw-pddl
L1-control-deepseek,45,pick_and_place,0,49,46,78215,244,36.9,/Users/turbineyan/workspace/01-repo/03-agents/Turbo-pi/packages/agent-server/eval/alfworld_data/json_2.1.1/valid_unseen/pick_and_place_simple-Pencil-None-Shelf-308/trial_T20190908_121952_610012/game.tw-pddl
L1-control-deepseek,46,pick_and_place,0,49,29,94152,695,41.8,/Users/turbineyan/workspace/01-repo/03-agents/Turbo-pi/packages/agent-server/eval/alfworld_data/json_2.1.1/valid_unseen/pick_and_place_simple-SoapBottle-None-Toilet-424/trial_T20190907_004321_405868/game.tw-pddl
L1-control-deepseek,47,pick_two_obj,0,49,29,121161,762,41.0,/Users/turbineyan/workspace/01-repo/03-agents/Turbo-pi/packages/agent-server/eval/alfworld_data/json_2.1.1/valid_unseen/pick_two_obj_and_place-PepperShaker-None-Drawer-10/trial_T20190912_221016_460197/game.tw-pddl
L1-control-deepseek,48,pick_clean_then_place,0,49,10,137295,1364,47.4,/Users/turbineyan/workspace/01-repo/03-agents/Turbo-pi/packages/agent-server/eval/alfworld_data/json_2.1.1/valid_unseen/pick_clean_then_place_in_recep-Plate-None-CounterTop-10/trial_T20190908_213533_897289/game.tw-pddl
L1-control-deepseek,49,pick_heat_then_place,0,49,40,103209,269,35.5,/Users/turbineyan/workspace/01-repo/03-agents/Turbo-pi/packages/agent-server/eval/alfworld_data/json_2.1.1/valid_unseen/pick_heat_then_place_in_recep-Egg-None-GarbageCan-10/trial_T20190908_113523_123938/game.tw-pddl
L1-control-deepseek,50,pick_cool_then_place,0,49,41,112932,403,38.4,/Users/turbineyan/workspace/01-repo/03-agents/Turbo-pi/packages/agent-server/eval/alfworld_data/json_2.1.1/valid_unseen/pick_cool_then_place_in_recep-Potato-None-Microwave-10/trial_T20190907_033228_194678/game.tw-pddl
L1-control-deepseek,51,pick_and_place,0,49,43,84830,286,35.5,/Users/turbineyan/workspace/01-repo/03-agents/Turbo-pi/packages/agent-server/eval/alfworld_data/json_2.1.1/valid_unseen/pick_and_place_simple-Mug-None-Desk-308/trial_T20190909_210238_431966/game.tw-pddl
L1-control-deepseek,52,pick_heat_then_place,0,49,20,120711,1302,43.1,/Users/turbineyan/workspace/01-repo/03-agents/Turbo-pi/packages/agent-server/eval/alfworld_data/json_2.1.1/valid_unseen/pick_heat_then_place_in_recep-Potato-None-GarbageCan-10/trial_T20190907_161853_945788/game.tw-pddl
L1-control-deepseek,53,pick_two_obj,0,49,27,116108,695,38.4,/Users/turbineyan/workspace/01-repo/03-agents/Turbo-pi/packages/agent-server/eval/alfworld_data/json_2.1.1/valid_unseen/pick_two_obj_and_place-SoapBar-None-Cabinet-424/trial_T20190909_081746_857594/game.tw-pddl
L1-control-deepseek,54,pick_heat_then_place,0,49,37,105806,272,35.2,/Users/turbineyan/workspace/01-repo/03-agents/Turbo-pi/packages/agent-server/eval/alfworld_data/json_2.1.1/valid_unseen/pick_heat_then_place_in_recep-Apple-None-Fridge-10/trial_T20190906_182259_116320/game.tw-pddl
L1-control-deepseek,55,pick_two_obj,0,49,47,94586,251,37.4,/Users/turbineyan/workspace/01-repo/03-agents/Turbo-pi/packages/agent-server/eval/alfworld_data/json_2.1.1/valid_unseen/pick_two_obj_and_place-Pillow-None-Sofa-219/trial_T20190907_163408_914117/game.tw-pddl
L1-control-deepseek,56,pick_clean_then_place,0,49,13,134257,1683,47.0,/Users/turbineyan/workspace/01-repo/03-agents/Turbo-pi/packages/agent-server/eval/alfworld_data/json_2.1.1/valid_unseen/pick_clean_then_place_in_recep-Mug-None-CoffeeMachine-10/trial_T20190907_221208_560499/game.tw-pddl
L1-control-deepseek,57,pick_and_place,0,49,29,92513,437,35.5,/Users/turbineyan/workspace/01-repo/03-agents/Turbo-pi/packages/agent-server/eval/alfworld_data/json_2.1.1/valid_unseen/pick_and_place_simple-PepperShaker-None-Drawer-10/trial_T20190918_154326_823501/game.tw-pddl
L1-control-deepseek,58,pick_and_place,0,49,47,79966,244,35.9,/Users/turbineyan/workspace/01-repo/03-agents/Turbo-pi/packages/agent-server/eval/alfworld_data/json_2.1.1/valid_unseen/pick_and_place_simple-Watch-None-Safe-219/trial_T20190907_074524_006355/game.tw-pddl
L1-control-deepseek,59,pick_heat_then_place,0,49,24,113138,796,42.5,/Users/turbineyan/workspace/01-repo/03-agents/Turbo-pi/packages/agent-server/eval/alfworld_data/json_2.1.1/valid_unseen/pick_heat_then_place_in_recep-Tomato-None-GarbageCan-10/trial_T20190908_225359_617900/game.tw-pddl
L1-control-deepseek,60,look_at_obj,0,49,38,97129,281,34.7,/Users/turbineyan/workspace/01-repo/03-agents/Turbo-pi/packages/agent-server/eval/alfworld_data/json_2.1.1/valid_unseen/look_at_obj_in_light-Book-None-DeskLamp-308/trial_T20190908_020048_814402/game.tw-pddl
L1-control-deepseek,61,pick_cool_then_place,0,49,41,112005,403,38.6,/Users/turbineyan/workspace/01-repo/03-agents/Turbo-pi/packages/agent-server/eval/alfworld_data/json_2.1.1/valid_unseen/pick_cool_then_place_in_recep-Potato-None-Microwave-10/trial_T20190907_033306_962974/game.tw-pddl
L1-control-deepseek,62,look_at_obj,0,49,44,92221,276,35.6,/Users/turbineyan/workspace/01-repo/03-agents/Turbo-pi/packages/agent-server/eval/alfworld_data/json_2.1.1/valid_unseen/look_at_obj_in_light-CD-None-DeskLamp-308/trial_T20190908_141958_463362/game.tw-pddl
L1-control-deepseek,63,pick_heat_then_place,1,7,0,12094,79,4.8,/Users/turbineyan/workspace/01-repo/03-agents/Turbo-pi/packages/agent-server/eval/alfworld_data/json_2.1.1/valid_unseen/pick_heat_then_place_in_recep-Mug-None-CoffeeMachine-10/trial_T20190907_171806_406231/game.tw-pddl
L1-control-deepseek,64,look_at_obj,0,49,44,93672,277,36.5,/Users/turbineyan/workspace/01-repo/03-agents/Turbo-pi/packages/agent-server/eval/alfworld_data/json_2.1.1/valid_unseen/look_at_obj_in_light-Pencil-None-DeskLamp-308/trial_T20190908_220545_153480/game.tw-pddl
L1-control-deepseek,65,pick_clean_then_place,0,49,40,106751,307,35.8,/Users/turbineyan/workspace/01-repo/03-agents/Turbo-pi/packages/agent-server/eval/alfworld_data/json_2.1.1/valid_unseen/pick_clean_then_place_in_recep-SoapBar-None-Cabinet-424/trial_T20190908_215019_162873/game.tw-pddl
L1-control-deepseek,66,pick_heat_then_place,0,49,23,122728,1037,43.8,/Users/turbineyan/workspace/01-repo/03-agents/Turbo-pi/packages/agent-server/eval/alfworld_data/json_2.1.1/valid_unseen/pick_heat_then_place_in_recep-Apple-None-Fridge-10/trial_T20190906_182435_622538/game.tw-pddl
L1-control-deepseek,67,look_at_obj,0,49,44,93154,285,34.3,/Users/turbineyan/workspace/01-repo/03-agents/Turbo-pi/packages/agent-server/eval/alfworld_data/json_2.1.1/valid_unseen/look_at_obj_in_light-Book-None-DeskLamp-308/trial_T20190908_144951_587345/game.tw-pddl
L1-control-deepseek,68,pick_heat_then_place,0,49,30,113306,390,38.0,/Users/turbineyan/workspace/01-repo/03-agents/Turbo-pi/packages/agent-server/eval/alfworld_data/json_2.1.1/valid_unseen/pick_heat_then_place_in_recep-Mug-None-Cabinet-10/trial_T20190909_021200_669381/game.tw-pddl
L1-control-deepseek,69,look_at_obj,0,49,38,96985,267,36.8,/Users/turbineyan/workspace/01-repo/03-agents/Turbo-pi/packages/agent-server/eval/alfworld_data/json_2.1.1/valid_unseen/look_at_obj_in_light-Bowl-None-DeskLamp-308/trial_T20190907_133935_066606/game.tw-pddl
L1-control-deepseek,70,pick_two_obj,0,49,46,95549,244,36.2,/Users/turbineyan/workspace/01-repo/03-agents/Turbo-pi/packages/agent-server/eval/alfworld_data/json_2.1.1/valid_unseen/pick_two_obj_and_place-Pillow-None-Sofa-219/trial_T20190907_163240_345855/game.tw-pddl
L1-control-deepseek,71,pick_heat_then_place,0,49,14,130685,1957,50.0,/Users/turbineyan/workspace/01-repo/03-agents/Turbo-pi/packages/agent-server/eval/alfworld_data/json_2.1.1/valid_unseen/pick_heat_then_place_in_recep-Mug-None-CoffeeMachine-10/trial_T20190907_171850_960211/game.tw-pddl
L1-control-deepseek,72,pick_cool_then_place,0,49,22,123047,292,41.5,/Users/turbineyan/workspace/01-repo/03-agents/Turbo-pi/packages/agent-server/eval/alfworld_data/json_2.1.1/valid_unseen/pick_cool_then_place_in_recep-Tomato-None-Microwave-10/trial_T20190909_102608_318800/game.tw-pddl
L1-control-deepseek,73,pick_and_place,0,49,45,80447,284,38.4,/Users/turbineyan/workspace/01-repo/03-agents/Turbo-pi/packages/agent-server/eval/alfworld_data/json_2.1.1/valid_unseen/pick_and_place_simple-Mug-None-Desk-308/trial_T20190908_125200_737896/game.tw-pddl
L1-control-deepseek,74,pick_clean_then_place,0,49,39,114010,526,47.2,/Users/turbineyan/workspace/01-repo/03-agents/Turbo-pi/packages/agent-server/eval/alfworld_data/json_2.1.1/valid_unseen/pick_clean_then_place_in_recep-Egg-None-Microwave-10/trial_T20190909_120554_888709/game.tw-pddl
L1-control-deepseek,75,pick_heat_then_place,0,49,16,128223,1844,55.7,/Users/turbineyan/workspace/01-repo/03-agents/Turbo-pi/packages/agent-server/eval/alfworld_data/json_2.1.1/valid_unseen/pick_heat_then_place_in_recep-Tomato-None-GarbageCan-10/trial_T20190908_225046_020282/game.tw-pddl
L1-control-deepseek,76,pick_clean_then_place,0,49,32,118292,355,45.2,/Users/turbineyan/workspace/01-repo/03-agents/Turbo-pi/packages/agent-server/eval/alfworld_data/json_2.1.1/valid_unseen/pick_clean_then_place_in_recep-Bowl-None-Cabinet-10/trial_T20190909_061232_368489/game.tw-pddl
L1-control-deepseek,77,pick_cool_then_place,0,49,17,120700,587,49.2,/Users/turbineyan/workspace/01-repo/03-agents/Turbo-pi/packages/agent-server/eval/alfworld_data/json_2.1.1/valid_unseen/pick_cool_then_place_in_recep-Mug-None-Cabinet-10/trial_T20190909_121559_082363/game.tw-pddl
L1-control-deepseek,78,pick_clean_then_place,0,49,28,129652,928,46.8,/Users/turbineyan/workspace/01-repo/03-agents/Turbo-pi/packages/agent-server/eval/alfworld_data/json_2.1.1/valid_unseen/pick_clean_then_place_in_recep-Spatula-None-Drawer-10/trial_T20190907_080730_211959/game.tw-pddl
L1-control-deepseek,79,pick_clean_then_place,0,49,12,137150,1790,48.4,/Users/turbineyan/workspace/01-repo/03-agents/Turbo-pi/packages/agent-server/eval/alfworld_data/json_2.1.1/valid_unseen/pick_clean_then_place_in_recep-Mug-None-CoffeeMachine-10/trial_T20190907_221300_362511/game.tw-pddl
L1-control-deepseek,80,pick_clean_then_place,0,49,27,128867,962,43.2,/Users/turbineyan/workspace/01-repo/03-agents/Turbo-pi/packages/agent-server/eval/alfworld_data/json_2.1.1/valid_unseen/pick_clean_then_place_in_recep-Spatula-None-Drawer-10/trial_T20190907_080825_222432/game.tw-pddl
L1-control-deepseek,81,pick_and_place,0,49,47,80013,244,39.0,/Users/turbineyan/workspace/01-repo/03-agents/Turbo-pi/packages/agent-server/eval/alfworld_data/json_2.1.1/valid_unseen/pick_and_place_simple-Watch-None-Safe-219/trial_T20190907_074643_810052/game.tw-pddl
L1-control-deepseek,82,look_at_obj,1,3,0,4765,19,2.4,/Users/turbineyan/workspace/01-repo/03-agents/Turbo-pi/packages/agent-server/eval/alfworld_data/json_2.1.1/valid_unseen/look_at_obj_in_light-Pencil-None-DeskLamp-308/trial_T20190908_220604_010430/game.tw-pddl
L1-control-deepseek,83,pick_clean_then_place,0,49,32,113024,488,38.5,/Users/turbineyan/workspace/01-repo/03-agents/Turbo-pi/packages/agent-server/eval/alfworld_data/json_2.1.1/valid_unseen/pick_clean_then_place_in_recep-Cloth-None-Cabinet-424/trial_T20190908_022321_380927/game.tw-pddl
L1-control-deepseek,84,pick_and_place,0,49,34,98263,474,40.8,/Users/turbineyan/workspace/01-repo/03-agents/Turbo-pi/packages/agent-server/eval/alfworld_data/json_2.1.1/valid_unseen/pick_and_place_simple-SaltShaker-None-Drawer-10/trial_T20190909_021650_880235/game.tw-pddl
L1-control-deepseek,85,pick_two_obj,0,49,43,93418,251,37.6,/Users/turbineyan/workspace/01-repo/03-agents/Turbo-pi/packages/agent-server/eval/alfworld_data/json_2.1.1/valid_unseen/pick_two_obj_and_place-CD-None-Safe-308/trial_T20190907_050942_897916/game.tw-pddl
L1-control-deepseek,86,pick_heat_then_place,0,49,20,113583,1075,46.6,/Users/turbineyan/workspace/01-repo/03-agents/Turbo-pi/packages/agent-server/eval/alfworld_data/json_2.1.1/valid_unseen/pick_heat_then_place_in_recep-Apple-None-GarbageCan-10/trial_T20190908_145143_820541/game.tw-pddl
L1-control-deepseek,87,look_at_obj,1,4,0,6467,70,3.6,/Users/turbineyan/workspace/01-repo/03-agents/Turbo-pi/packages/agent-server/eval/alfworld_data/json_2.1.1/valid_unseen/look_at_obj_in_light-Mug-None-DeskLamp-308/trial_T20190908_201421_021646/game.tw-pddl
L1-control-deepseek,88,pick_cool_then_place,0,49,38,117134,554,43.0,/Users/turbineyan/workspace/01-repo/03-agents/Turbo-pi/packages/agent-server/eval/alfworld_data/json_2.1.1/valid_unseen/pick_cool_then_place_in_recep-Pan-None-CounterTop-10/trial_T20190908_114656_768805/game.tw-pddl
L1-control-deepseek,89,pick_heat_then_place,0,49,22,116457,896,48.5,/Users/turbineyan/workspace/01-repo/03-agents/Turbo-pi/packages/agent-server/eval/alfworld_data/json_2.1.1/valid_unseen/pick_heat_then_place_in_recep-Apple-None-Fridge-10/trial_T20190906_182353_418140/game.tw-pddl
L1-control-deepseek,90,pick_and_place,0,49,26,101134,287,43.4,/Users/turbineyan/workspace/01-repo/03-agents/Turbo-pi/packages/agent-server/eval/alfworld_data/json_2.1.1/valid_unseen/pick_and_place_simple-SaltShaker-None-Cabinet-10/trial_T20190906_191445_723170/game.tw-pddl
L1-control-deepseek,91,pick_clean_then_place,0,49,34,114184,517,41.9,/Users/turbineyan/workspace/01-repo/03-agents/Turbo-pi/packages/agent-server/eval/alfworld_data/json_2.1.1/valid_unseen/pick_clean_then_place_in_recep-Cloth-None-Cabinet-424/trial_T20190908_022436_073995/game.tw-pddl
L1-control-deepseek,92,pick_clean_then_place,0,49,36,111672,296,39.4,/Users/turbineyan/workspace/01-repo/03-agents/Turbo-pi/packages/agent-server/eval/alfworld_data/json_2.1.1/valid_unseen/pick_clean_then_place_in_recep-Pan-None-CounterTop-10/trial_T20190908_032543_712058/game.tw-pddl
L1-control-deepseek,93,pick_clean_then_place,0,49,28,123033,404,39.3,/Users/turbineyan/workspace/01-repo/03-agents/Turbo-pi/packages/agent-server/eval/alfworld_data/json_2.1.1/valid_unseen/pick_clean_then_place_in_recep-Spatula-None-Drawer-10/trial_T20190907_080800_275989/game.tw-pddl
L1-control-deepseek,94,look_at_obj,0,49,44,91530,258,35.3,/Users/turbineyan/workspace/01-repo/03-agents/Turbo-pi/packages/agent-server/eval/alfworld_data/json_2.1.1/valid_unseen/look_at_obj_in_light-Mug-None-DeskLamp-308/trial_T20190908_201444_037645/game.tw-pddl
L1-control-deepseek,95,pick_cool_then_place,0,49,42,106012,261,36.7,/Users/turbineyan/workspace/01-repo/03-agents/Turbo-pi/packages/agent-server/eval/alfworld_data/json_2.1.1/valid_unseen/pick_cool_then_place_in_recep-Mug-None-Cabinet-10/trial_T20190909_121710_650938/game.tw-pddl
L1-control-deepseek,96,pick_heat_then_place,0,49,26,113521,625,41.3,/Users/turbineyan/workspace/01-repo/03-agents/Turbo-pi/packages/agent-server/eval/alfworld_data/json_2.1.1/valid_unseen/pick_heat_then_place_in_recep-Mug-None-Cabinet-10/trial_T20190909_021100_341887/game.tw-pddl
L1-control-deepseek,97,pick_clean_then_place,0,49,20,131496,1405,45.8,/Users/turbineyan/workspace/01-repo/03-agents/Turbo-pi/packages/agent-server/eval/alfworld_data/json_2.1.1/valid_unseen/pick_clean_then_place_in_recep-SoapBar-None-Cabinet-424/trial_T20190908_214946_567644/game.tw-pddl
L1-control-deepseek,98,look_at_obj,0,49,44,93003,280,36.3,/Users/turbineyan/workspace/01-repo/03-agents/Turbo-pi/packages/agent-server/eval/alfworld_data/json_2.1.1/valid_unseen/look_at_obj_in_light-Mug-None-DeskLamp-308/trial_T20190908_161733_213242/game.tw-pddl
L1-control-deepseek,99,pick_and_place,0,49,43,83754,291,35.7,/Users/turbineyan/workspace/01-repo/03-agents/Turbo-pi/packages/agent-server/eval/alfworld_data/json_2.1.1/valid_unseen/pick_and_place_simple-Mug-None-Desk-308/trial_T20190909_203041_433487/game.tw-pddl
L1-control-deepseek,100,look_at_obj,0,49,14,133116,2124,47.8,/Users/turbineyan/workspace/01-repo/03-agents/Turbo-pi/packages/agent-server/eval/alfworld_data/json_2.1.1/valid_unseen/look_at_obj_in_light-AlarmClock-None-DeskLamp-308/trial_T20190908_222951_616606/game.tw-pddl
L1-control-deepseek,101,look_at_obj,0,49,37,100987,304,36.7,/Users/turbineyan/workspace/01-repo/03-agents/Turbo-pi/packages/agent-server/eval/alfworld_data/json_2.1.1/valid_unseen/look_at_obj_in_light-Book-None-DeskLamp-308/trial_T20190908_020029_636862/game.tw-pddl
L1-control-deepseek,102,pick_two_obj,0,49,28,111957,766,37.0,/Users/turbineyan/workspace/01-repo/03-agents/Turbo-pi/packages/agent-server/eval/alfworld_data/json_2.1.1/valid_unseen/pick_two_obj_and_place-SoapBar-None-GarbageCan-424/trial_T20190909_064053_839817/game.tw-pddl
L1-control-deepseek,103,pick_cool_then_place,0,49,31,126684,754,38.7,/Users/turbineyan/workspace/01-repo/03-agents/Turbo-pi/packages/agent-server/eval/alfworld_data/json_2.1.1/valid_unseen/pick_cool_then_place_in_recep-Bread-None-CounterTop-10/trial_T20190908_091835_825830/game.tw-pddl
L1-control-deepseek,104,look_at_obj,1,7,1,11501,81,6.4,/Users/turbineyan/workspace/01-repo/03-agents/Turbo-pi/packages/agent-server/eval/alfworld_data/json_2.1.1/valid_unseen/look_at_obj_in_light-AlarmClock-None-DeskLamp-308/trial_T20190908_222917_366542/game.tw-pddl
L1-control-deepseek,105,look_at_obj,1,3,0,4731,19,2.4,/Users/turbineyan/workspace/01-repo/03-agents/Turbo-pi/packages/agent-server/eval/alfworld_data/json_2.1.1/valid_unseen/look_at_obj_in_light-CD-None-DeskLamp-308/trial_T20190908_142046_281296/game.tw-pddl
L1-control-deepseek,106,pick_heat_then_place,0,49,26,121680,1040,45.7,/Users/turbineyan/workspace/01-repo/03-agents/Turbo-pi/packages/agent-server/eval/alfworld_data/json_2.1.1/valid_unseen/pick_heat_then_place_in_recep-Egg-None-GarbageCan-10/trial_T20190908_113432_673307/game.tw-pddl
L1-control-deepseek,107,pick_clean_then_place,0,49,18,126964,1180,43.4,/Users/turbineyan/workspace/01-repo/03-agents/Turbo-pi/packages/agent-server/eval/alfworld_data/json_2.1.1/valid_unseen/pick_clean_then_place_in_recep-SoapBar-None-CounterTop-424/trial_T20190907_074045_109439/game.tw-pddl
L1-control-deepseek,108,pick_two_obj,0,49,27,111732,365,34.7,/Users/turbineyan/workspace/01-repo/03-agents/Turbo-pi/packages/agent-server/eval/alfworld_data/json_2.1.1/valid_unseen/pick_two_obj_and_place-SoapBar-None-GarbageCan-424/trial_T20190909_064309_357168/game.tw-pddl
L1-control-deepseek,109,pick_and_place,0,49,28,89667,802,38.8,/Users/turbineyan/workspace/01-repo/03-agents/Turbo-pi/packages/agent-server/eval/alfworld_data/json_2.1.1/valid_unseen/pick_and_place_simple-SoapBottle-None-Toilet-424/trial_T20190907_004351_281384/game.tw-pddl
L1-control-deepseek,110,pick_and_place,0,49,47,79825,244,34.6,/Users/turbineyan/workspace/01-repo/03-agents/Turbo-pi/packages/agent-server/eval/alfworld_data/json_2.1.1/valid_unseen/pick_and_place_simple-Vase-None-Safe-219/trial_T20190908_205221_748352/game.tw-pddl
L1-control-deepseek,111,pick_cool_then_place,0,49,29,132759,999,41.6,/Users/turbineyan/workspace/01-repo/03-agents/Turbo-pi/packages/agent-server/eval/alfworld_data/json_2.1.1/valid_unseen/pick_cool_then_place_in_recep-Lettuce-None-CounterTop-10/trial_T20190909_123133_763972/game.tw-pddl
L1-control-deepseek,112,pick_two_obj,0,49,38,94144,252,34.8,/Users/turbineyan/workspace/01-repo/03-agents/Turbo-pi/packages/agent-server/eval/alfworld_data/json_2.1.1/valid_unseen/pick_two_obj_and_place-CD-None-Safe-308/trial_T20190907_051056_585414/game.tw-pddl
L1-control-deepseek,113,pick_clean_then_place,0,49,25,126165,866,42.4,/Users/turbineyan/workspace/01-repo/03-agents/Turbo-pi/packages/agent-server/eval/alfworld_data/json_2.1.1/valid_unseen/pick_clean_then_place_in_recep-Egg-None-Microwave-10/trial_T20190909_120632_691361/game.tw-pddl
L1-control-deepseek,114,pick_two_obj,0,49,31,108546,372,38.8,/Users/turbineyan/workspace/01-repo/03-agents/Turbo-pi/packages/agent-server/eval/alfworld_data/json_2.1.1/valid_unseen/pick_two_obj_and_place-ToiletPaper-None-Cabinet-424/trial_T20190906_202926_527010/game.tw-pddl
L1-control-deepseek,115,pick_cool_then_place,0,49,28,134712,1019,43.1,/Users/turbineyan/workspace/01-repo/03-agents/Turbo-pi/packages/agent-server/eval/alfworld_data/json_2.1.1/valid_unseen/pick_cool_then_place_in_recep-Bread-None-CounterTop-10/trial_T20190908_091747_866951/game.tw-pddl
L1-control-deepseek,116,pick_cool_then_place,0,49,43,107597,268,36.3,/Users/turbineyan/workspace/01-repo/03-agents/Turbo-pi/packages/agent-server/eval/alfworld_data/json_2.1.1/valid_unseen/pick_cool_then_place_in_recep-Mug-None-Cabinet-10/trial_T20190909_121635_622676/game.tw-pddl
L1-control-deepseek,117,pick_two_obj,0,49,23,114012,652,38.6,/Users/turbineyan/workspace/01-repo/03-agents/Turbo-pi/packages/agent-server/eval/alfworld_data/json_2.1.1/valid_unseen/pick_two_obj_and_place-SoapBar-None-GarbageCan-424/trial_T20190909_064221_368939/game.tw-pddl
L1-control-deepseek,118,pick_cool_then_place,0,49,40,114959,602,42.7,/Users/turbineyan/workspace/01-repo/03-agents/Turbo-pi/packages/agent-server/eval/alfworld_data/json_2.1.1/valid_unseen/pick_cool_then_place_in_recep-Tomato-None-Microwave-10/trial_T20190909_102710_795182/game.tw-pddl
L1-control-deepseek,119,pick_clean_then_place,0,49,22,143808,1919,46.5,/Users/turbineyan/workspace/01-repo/03-agents/Turbo-pi/packages/agent-server/eval/alfworld_data/json_2.1.1/valid_unseen/pick_clean_then_place_in_recep-Plate-None-CounterTop-10/trial_T20190908_213420_728917/game.tw-pddl
L1-control-deepseek,120,pick_clean_then_place,0,49,17,133753,1523,48.7,/Users/turbineyan/workspace/01-repo/03-agents/Turbo-pi/packages/agent-server/eval/alfworld_data/json_2.1.1/valid_unseen/pick_clean_then_place_in_recep-SoapBar-None-CounterTop-424/trial_T20190907_074106_050405/game.tw-pddl
L1-control-deepseek,121,pick_cool_then_place,0,49,9,157956,1822,47.8,/Users/turbineyan/workspace/01-repo/03-agents/Turbo-pi/packages/agent-server/eval/alfworld_data/json_2.1.1/valid_unseen/pick_cool_then_place_in_recep-Lettuce-None-CounterTop-10/trial_T20190909_174840_771703/game.tw-pddl
L1-control-deepseek,122,pick_clean_then_place,0,49,36,110014,270,36.8,/Users/turbineyan/workspace/01-repo/03-agents/Turbo-pi/packages/agent-server/eval/alfworld_data/json_2.1.1/valid_unseen/pick_clean_then_place_in_recep-Pan-None-CounterTop-10/trial_T20190908_032518_891433/game.tw-pddl
L1-control-deepseek,123,pick_clean_then_place,0,49,28,134361,899,42.2,/Users/turbineyan/workspace/01-repo/03-agents/Turbo-pi/packages/agent-server/eval/alfworld_data/json_2.1.1/valid_unseen/pick_clean_then_place_in_recep-Plate-None-CounterTop-10/trial_T20190908_213356_017769/game.tw-pddl
L1-control-deepseek,124,pick_heat_then_place,0,49,31,100130,296,38.4,/Users/turbineyan/workspace/01-repo/03-agents/Turbo-pi/packages/agent-server/eval/alfworld_data/json_2.1.1/valid_unseen/pick_heat_then_place_in_recep-Mug-None-CoffeeMachine-10/trial_T20190907_171933_349922/game.tw-pddl
L1-control-deepseek,125,pick_and_place,0,49,19,105995,799,41.8,/Users/turbineyan/workspace/01-repo/03-agents/Turbo-pi/packages/agent-server/eval/alfworld_data/json_2.1.1/valid_unseen/pick_and_place_simple-SaltShaker-None-Drawer-10/trial_T20190909_021728_339782/game.tw-pddl
L1-control-deepseek,126,pick_clean_then_place,0,49,30,123879,527,37.3,/Users/turbineyan/workspace/01-repo/03-agents/Turbo-pi/packages/agent-server/eval/alfworld_data/json_2.1.1/valid_unseen/pick_clean_then_place_in_recep-Bowl-None-Cabinet-10/trial_T20190909_061130_844814/game.tw-pddl
L1-control-deepseek,127,pick_and_place,0,49,47,79966,244,36.0,/Users/turbineyan/workspace/01-repo/03-agents/Turbo-pi/packages/agent-server/eval/alfworld_data/json_2.1.1/valid_unseen/pick_and_place_simple-Vase-None-Safe-219/trial_T20190908_205204_244321/game.tw-pddl
L1-control-deepseek,128,pick_cool_then_place,0,49,38,112516,569,40.0,/Users/turbineyan/workspace/01-repo/03-agents/Turbo-pi/packages/agent-server/eval/alfworld_data/json_2.1.1/valid_unseen/pick_cool_then_place_in_recep-Potato-None-Microwave-10/trial_T20190907_033157_424297/game.tw-pddl
L1-control-deepseek,129,pick_cool_then_place,0,49,34,121611,792,38.4,/Users/turbineyan/workspace/01-repo/03-agents/Turbo-pi/packages/agent-server/eval/alfworld_data/json_2.1.1/valid_unseen/pick_cool_then_place_in_recep-Mug-None-CoffeeMachine-10/trial_T20190907_183715_299073/game.tw-pddl
L1-control-deepseek,130,pick_heat_then_place,0,49,19,117154,1239,43.1,/Users/turbineyan/workspace/01-repo/03-agents/Turbo-pi/packages/agent-server/eval/alfworld_data/json_2.1.1/valid_unseen/pick_heat_then_place_in_recep-Egg-None-GarbageCan-10/trial_T20190908_113610_425142/game.tw-pddl
L1-control-deepseek,131,pick_cool_then_place,0,49,39,114500,566,37.9,/Users/turbineyan/workspace/01-repo/03-agents/Turbo-pi/packages/agent-server/eval/alfworld_data/json_2.1.1/valid_unseen/pick_cool_then_place_in_recep-Mug-None-CoffeeMachine-10/trial_T20190907_183853_958104/game.tw-pddl
L1-control-deepseek,132,pick_heat_then_place,0,49,34,106443,330,35.1,/Users/turbineyan/workspace/01-repo/03-agents/Turbo-pi/packages/agent-server/eval/alfworld_data/json_2.1.1/valid_unseen/pick_heat_then_place_in_recep-Cup-None-Cabinet-10/trial_T20190907_083346_800823/game.tw-pddl
L1-control-deepseek,133,pick_clean_then_place,0,49,18,151131,2576,49.5,/Users/turbineyan/workspace/01-repo/03-agents/Turbo-pi/packages/agent-server/eval/alfworld_data/json_2.1.1/valid_unseen/pick_clean_then_place_in_recep-Mug-None-CoffeeMachine-10/trial_T20190907_221355_558505/game.tw-pddl
L2-control-student,0,look_at_obj,1,45,12,94674,659,169.5,/Users/turbineyan/workspace/01-repo/03-agents/Turbo-pi/packages/agent-server/eval/alfworld_data/json_2.1.1/valid_unseen/look_at_obj_in_light-Bowl-None-DeskLamp-308/trial_T20190907_133919_856963/game.tw-pddl
L2-control-student,1,pick_two_obj,0,49,29,108629,544,173.9,/Users/turbineyan/workspace/01-repo/03-agents/Turbo-pi/packages/agent-server/eval/alfworld_data/json_2.1.1/valid_unseen/pick_two_obj_and_place-SoapBar-None-GarbageCan-424/trial_T20190909_064221_368939/game.tw-pddl
L2-control-student,2,pick_cool_then_place,0,49,22,128193,1158,216.1,/Users/turbineyan/workspace/01-repo/03-agents/Turbo-pi/packages/agent-server/eval/alfworld_data/json_2.1.1/valid_unseen/pick_cool_then_place_in_recep-Tomato-None-Microwave-10/trial_T20190909_102710_795182/game.tw-pddl
L2-control-student,3,pick_clean_then_place,0,49,31,124287,585,217.2,/Users/turbineyan/workspace/01-repo/03-agents/Turbo-pi/packages/agent-server/eval/alfworld_data/json_2.1.1/valid_unseen/pick_clean_then_place_in_recep-Plate-None-CounterTop-10/trial_T20190908_213420_728917/game.tw-pddl
L2-control-student,4,pick_clean_then_place,0,49,4,134927,2162,193.6,/Users/turbineyan/workspace/01-repo/03-agents/Turbo-pi/packages/agent-server/eval/alfworld_data/json_2.1.1/valid_unseen/pick_clean_then_place_in_recep-SoapBar-None-CounterTop-424/trial_T20190907_074106_050405/game.tw-pddl
L2-control-student,5,pick_cool_then_place,0,49,14,154221,1975,235.0,/Users/turbineyan/workspace/01-repo/03-agents/Turbo-pi/packages/agent-server/eval/alfworld_data/json_2.1.1/valid_unseen/pick_cool_then_place_in_recep-Lettuce-None-CounterTop-10/trial_T20190909_174840_771703/game.tw-pddl
L2-control-student,6,pick_clean_then_place,0,49,34,110786,273,208.9,/Users/turbineyan/workspace/01-repo/03-agents/Turbo-pi/packages/agent-server/eval/alfworld_data/json_2.1.1/valid_unseen/pick_clean_then_place_in_recep-Pan-None-CounterTop-10/trial_T20190908_032518_891433/game.tw-pddl
L2-control-student,7,pick_clean_then_place,0,49,26,140596,1476,227.0,/Users/turbineyan/workspace/01-repo/03-agents/Turbo-pi/packages/agent-server/eval/alfworld_data/json_2.1.1/valid_unseen/pick_clean_then_place_in_recep-Plate-None-CounterTop-10/trial_T20190908_213356_017769/game.tw-pddl
L2-control-student,8,pick_heat_then_place,0,49,32,107640,768,175.7,/Users/turbineyan/workspace/01-repo/03-agents/Turbo-pi/packages/agent-server/eval/alfworld_data/json_2.1.1/valid_unseen/pick_heat_then_place_in_recep-Mug-None-CoffeeMachine-10/trial_T20190907_171933_349922/game.tw-pddl
L2-control-student,9,pick_and_place,0,49,27,103369,649,184.0,/Users/turbineyan/workspace/01-repo/03-agents/Turbo-pi/packages/agent-server/eval/alfworld_data/json_2.1.1/valid_unseen/pick_and_place_simple-SaltShaker-None-Drawer-10/trial_T20190909_021728_339782/game.tw-pddl
L2-control-student,10,pick_clean_then_place,0,49,16,128318,990,204.4,/Users/turbineyan/workspace/01-repo/03-agents/Turbo-pi/packages/agent-server/eval/alfworld_data/json_2.1.1/valid_unseen/pick_clean_then_place_in_recep-Bowl-None-Cabinet-10/trial_T20190909_061130_844814/game.tw-pddl
L2-control-student,11,pick_and_place,0,49,46,80511,257,205.6,/Users/turbineyan/workspace/01-repo/03-agents/Turbo-pi/packages/agent-server/eval/alfworld_data/json_2.1.1/valid_unseen/pick_and_place_simple-Vase-None-Safe-219/trial_T20190908_205204_244321/game.tw-pddl
L2-control-student,12,pick_cool_then_place,0,49,41,110410,413,210.4,/Users/turbineyan/workspace/01-repo/03-agents/Turbo-pi/packages/agent-server/eval/alfworld_data/json_2.1.1/valid_unseen/pick_cool_then_place_in_recep-Potato-None-Microwave-10/trial_T20190907_033157_424297/game.tw-pddl
L2-control-student,13,pick_cool_then_place,0,49,22,134863,1376,242.1,/Users/turbineyan/workspace/01-repo/03-agents/Turbo-pi/packages/agent-server/eval/alfworld_data/json_2.1.1/valid_unseen/pick_cool_then_place_in_recep-Mug-None-CoffeeMachine-10/trial_T20190907_183715_299073/game.tw-pddl
L2-control-student,14,pick_heat_then_place,0,49,2,106985,376,145.2,/Users/turbineyan/workspace/01-repo/03-agents/Turbo-pi/packages/agent-server/eval/alfworld_data/json_2.1.1/valid_unseen/pick_heat_then_place_in_recep-Egg-None-GarbageCan-10/trial_T20190908_113610_425142/game.tw-pddl
L2-control-student,15,pick_cool_then_place,0,49,17,129843,1485,241.7,/Users/turbineyan/workspace/01-repo/03-agents/Turbo-pi/packages/agent-server/eval/alfworld_data/json_2.1.1/valid_unseen/pick_cool_then_place_in_recep-Mug-None-CoffeeMachine-10/trial_T20190907_183853_958104/game.tw-pddl
L2-control-student,16,pick_heat_then_place,0,49,20,105228,444,162.0,/Users/turbineyan/workspace/01-repo/03-agents/Turbo-pi/packages/agent-server/eval/alfworld_data/json_2.1.1/valid_unseen/pick_heat_then_place_in_recep-Cup-None-Cabinet-10/trial_T20190907_083346_800823/game.tw-pddl
L2-control-student,17,pick_clean_then_place,0,49,16,126926,1196,235.9,/Users/turbineyan/workspace/01-repo/03-agents/Turbo-pi/packages/agent-server/eval/alfworld_data/json_2.1.1/valid_unseen/pick_clean_then_place_in_recep-Mug-None-CoffeeMachine-10/trial_T20190907_221355_558505/game.tw-pddl
L2-control-student,18,pick_clean_then_place,0,49,14,123719,1276,231.2,/Users/turbineyan/workspace/01-repo/03-agents/Turbo-pi/packages/agent-server/eval/alfworld_data/json_2.1.1/valid_unseen/pick_clean_then_place_in_recep-SoapBar-None-Cabinet-424/trial_T20190908_214926_337906/game.tw-pddl
L2-control-student,19,pick_heat_then_place,0,49,24,107364,724,174.6,/Users/turbineyan/workspace/01-repo/03-agents/Turbo-pi/packages/agent-server/eval/alfworld_data/json_2.1.1/valid_unseen/pick_heat_then_place_in_recep-Cup-None-Cabinet-10/trial_T20190907_083507_594820/game.tw-pddl
L2-control-student,20,pick_clean_then_place,0,49,35,111890,315,191.9,/Users/turbineyan/workspace/01-repo/03-agents/Turbo-pi/packages/agent-server/eval/alfworld_data/json_2.1.1/valid_unseen/pick_clean_then_place_in_recep-Knife-None-CounterTop-10/trial_T20190909_110347_624008/game.tw-pddl
L2-control-student,21,pick_clean_then_place,0,49,14,110002,473,193.7,/Users/turbineyan/workspace/01-repo/03-agents/Turbo-pi/packages/agent-server/eval/alfworld_data/json_2.1.1/valid_unseen/pick_clean_then_place_in_recep-Cloth-None-CounterTop-424/trial_T20190908_114340_674467/game.tw-pddl
L2-control-student,22,look_at_obj,1,34,8,67188,417,119.8,/Users/turbineyan/workspace/01-repo/03-agents/Turbo-pi/packages/agent-server/eval/alfworld_data/json_2.1.1/valid_unseen/look_at_obj_in_light-Bowl-None-DeskLamp-308/trial_T20190907_133953_562557/game.tw-pddl
L2-control-student,23,pick_clean_then_place,0,49,26,136858,1408,217.9,/Users/turbineyan/workspace/01-repo/03-agents/Turbo-pi/packages/agent-server/eval/alfworld_data/json_2.1.1/valid_unseen/pick_clean_then_place_in_recep-Egg-None-Microwave-10/trial_T20190909_120712_273910/game.tw-pddl
L2-control-student,24,pick_and_place,0,49,21,107958,1045,193.8,/Users/turbineyan/workspace/01-repo/03-agents/Turbo-pi/packages/agent-server/eval/alfworld_data/json_2.1.1/valid_unseen/pick_and_place_simple-PepperShaker-None-Drawer-10/trial_T20190906_184021_215264/game.tw-pddl
L2-control-student,25,pick_and_place,0,49,44,79499,270,200.7,/Users/turbineyan/workspace/01-repo/03-agents/Turbo-pi/packages/agent-server/eval/alfworld_data/json_2.1.1/valid_unseen/pick_and_place_simple-Pencil-None-Shelf-308/trial_T20190908_122024_052056/game.tw-pddl
L2-control-student,26,pick_and_place,0,49,29,99174,894,163.7,/Users/turbineyan/workspace/01-repo/03-agents/Turbo-pi/packages/agent-server/eval/alfworld_data/json_2.1.1/valid_unseen/pick_and_place_simple-SoapBottle-None-Toilet-424/trial_T20190907_004404_604165/game.tw-pddl
L2-control-student,27,pick_and_place,0,49,23,103154,744,198.4,/Users/turbineyan/workspace/01-repo/03-agents/Turbo-pi/packages/agent-server/eval/alfworld_data/json_2.1.1/valid_unseen/pick_and_place_simple-SaltShaker-None-Cabinet-10/trial_T20190906_191501_563086/game.tw-pddl
L2-control-student,28,pick_and_place,0,49,33,93668,259,172.1,/Users/turbineyan/workspace/01-repo/03-agents/Turbo-pi/packages/agent-server/eval/alfworld_data/json_2.1.1/valid_unseen/pick_and_place_simple-SaltShaker-None-Cabinet-10/trial_T20190906_191429_743650/game.tw-pddl
L2-control-student,29,pick_cool_then_place,0,49,28,131503,1041,251.7,/Users/turbineyan/workspace/01-repo/03-agents/Turbo-pi/packages/agent-server/eval/alfworld_data/json_2.1.1/valid_unseen/pick_cool_then_place_in_recep-Lettuce-None-CounterTop-10/trial_T20190909_174807_646433/game.tw-pddl
L2-control-student,30,pick_and_place,0,49,46,80556,257,205.9,/Users/turbineyan/workspace/01-repo/03-agents/Turbo-pi/packages/agent-server/eval/alfworld_data/json_2.1.1/valid_unseen/pick_and_place_simple-Watch-None-Safe-219/trial_T20190907_074556_124850/game.tw-pddl
L2-control-student,31,pick_heat_then_place,0,49,11,110439,944,179.8,/Users/turbineyan/workspace/01-repo/03-agents/Turbo-pi/packages/agent-server/eval/alfworld_data/json_2.1.1/valid_unseen/pick_heat_then_place_in_recep-Apple-None-GarbageCan-10/trial_T20190908_145050_918567/game.tw-pddl
L2-control-student,32,pick_heat_then_place,0,49,19,112303,325,191.9,/Users/turbineyan/workspace/01-repo/03-agents/Turbo-pi/packages/agent-server/eval/alfworld_data/json_2.1.1/valid_unseen/pick_heat_then_place_in_recep-Apple-None-GarbageCan-10/trial_T20190908_145356_918528/game.tw-pddl
L2-control-student,33,look_at_obj,1,34,4,69227,381,123.1,/Users/turbineyan/workspace/01-repo/03-agents/Turbo-pi/packages/agent-server/eval/alfworld_data/json_2.1.1/valid_unseen/look_at_obj_in_light-CD-None-DeskLamp-308/trial_T20190908_141942_810052/game.tw-pddl
L2-control-student,34,pick_cool_then_place,1,5,0,9424,50,47.3,/Users/turbineyan/workspace/01-repo/03-agents/Turbo-pi/packages/agent-server/eval/alfworld_data/json_2.1.1/valid_unseen/pick_cool_then_place_in_recep-Pan-None-CounterTop-10/trial_T20190908_114622_738670/game.tw-pddl
L2-control-student,35,pick_two_obj,0,49,46,95101,257,189.5,/Users/turbineyan/workspace/01-repo/03-agents/Turbo-pi/packages/agent-server/eval/alfworld_data/json_2.1.1/valid_unseen/pick_two_obj_and_place-Pillow-None-Sofa-219/trial_T20190907_163327_486300/game.tw-pddl
L2-control-student,36,pick_heat_then_place,0,49,18,107042,643,169.9,/Users/turbineyan/workspace/01-repo/03-agents/Turbo-pi/packages/agent-server/eval/alfworld_data/json_2.1.1/valid_unseen/pick_heat_then_place_in_recep-Cup-None-Cabinet-10/trial_T20190907_083429_887065/game.tw-pddl
L2-control-student,37,pick_clean_then_place,0,49,32,112892,308,190.2,/Users/turbineyan/workspace/01-repo/03-agents/Turbo-pi/packages/agent-server/eval/alfworld_data/json_2.1.1/valid_unseen/pick_clean_then_place_in_recep-Knife-None-CounterTop-10/trial_T20190909_110531_148235/game.tw-pddl
L2-control-student,38,look_at_obj,0,49,9,106973,753,177.8,/Users/turbineyan/workspace/01-repo/03-agents/Turbo-pi/packages/agent-server/eval/alfworld_data/json_2.1.1/valid_unseen/look_at_obj_in_light-AlarmClock-None-DeskLamp-308/trial_T20190908_222933_607649/game.tw-pddl
L2-control-student,39,pick_cool_then_place,0,49,15,138207,1345,241.4,/Users/turbineyan/workspace/01-repo/03-agents/Turbo-pi/packages/agent-server/eval/alfworld_data/json_2.1.1/valid_unseen/pick_cool_then_place_in_recep-Mug-None-CoffeeMachine-10/trial_T20190907_183807_477267/game.tw-pddl
L2-control-student,40,pick_cool_then_place,0,49,11,143012,1414,228.9,/Users/turbineyan/workspace/01-repo/03-agents/Turbo-pi/packages/agent-server/eval/alfworld_data/json_2.1.1/valid_unseen/pick_cool_then_place_in_recep-Bread-None-CounterTop-10/trial_T20190908_091811_414150/game.tw-pddl
L2-control-student,41,look_at_obj,1,30,6,58132,354,107.8,/Users/turbineyan/workspace/01-repo/03-agents/Turbo-pi/packages/agent-server/eval/alfworld_data/json_2.1.1/valid_unseen/look_at_obj_in_light-Pencil-None-DeskLamp-308/trial_T20190908_220656_510400/game.tw-pddl
L2-control-student,42,pick_two_obj,0,49,46,95328,258,191.7,/Users/turbineyan/workspace/01-repo/03-agents/Turbo-pi/packages/agent-server/eval/alfworld_data/json_2.1.1/valid_unseen/pick_two_obj_and_place-KeyChain-None-Safe-219/trial_T20190909_012027_782483/game.tw-pddl
L2-control-student,43,pick_two_obj,0,49,36,111177,266,165.2,/Users/turbineyan/workspace/01-repo/03-agents/Turbo-pi/packages/agent-server/eval/alfworld_data/json_2.1.1/valid_unseen/pick_two_obj_and_place-PepperShaker-None-Drawer-10/trial_T20190908_010306_215435/game.tw-pddl
L2-control-student,44,pick_cool_then_place,0,49,18,128794,1169,233.3,/Users/turbineyan/workspace/01-repo/03-agents/Turbo-pi/packages/agent-server/eval/alfworld_data/json_2.1.1/valid_unseen/pick_cool_then_place_in_recep-Pan-None-CounterTop-10/trial_T20190908_114545_244903/game.tw-pddl
L2-control-student,45,pick_and_place,0,49,43,79520,276,197.1,/Users/turbineyan/workspace/01-repo/03-agents/Turbo-pi/packages/agent-server/eval/alfworld_data/json_2.1.1/valid_unseen/pick_and_place_simple-Pencil-None-Shelf-308/trial_T20190908_121952_610012/game.tw-pddl
L2-control-student,46,pick_and_place,0,49,19,95467,993,174.0,/Users/turbineyan/workspace/01-repo/03-agents/Turbo-pi/packages/agent-server/eval/alfworld_data/json_2.1.1/valid_unseen/pick_and_place_simple-SoapBottle-None-Toilet-424/trial_T20190907_004321_405868/game.tw-pddl
L2-control-student,47,pick_two_obj,0,49,23,112091,329,188.7,/Users/turbineyan/workspace/01-repo/03-agents/Turbo-pi/packages/agent-server/eval/alfworld_data/json_2.1.1/valid_unseen/pick_two_obj_and_place-PepperShaker-None-Drawer-10/trial_T20190912_221016_460197/game.tw-pddl
L2-control-student,48,pick_clean_then_place,0,49,17,129945,1385,227.9,/Users/turbineyan/workspace/01-repo/03-agents/Turbo-pi/packages/agent-server/eval/alfworld_data/json_2.1.1/valid_unseen/pick_clean_then_place_in_recep-Plate-None-CounterTop-10/trial_T20190908_213533_897289/game.tw-pddl
L2-control-student,49,pick_heat_then_place,0,49,21,102830,292,180.3,/Users/turbineyan/workspace/01-repo/03-agents/Turbo-pi/packages/agent-server/eval/alfworld_data/json_2.1.1/valid_unseen/pick_heat_then_place_in_recep-Egg-None-GarbageCan-10/trial_T20190908_113523_123938/game.tw-pddl
L2-control-student,50,pick_cool_then_place,0,49,17,129193,1284,325.1,/Users/turbineyan/workspace/01-repo/03-agents/Turbo-pi/packages/agent-server/eval/alfworld_data/json_2.1.1/valid_unseen/pick_cool_then_place_in_recep-Potato-None-Microwave-10/trial_T20190907_033228_194678/game.tw-pddl
L2-control-student,51,pick_and_place,0,49,23,103833,831,182.3,/Users/turbineyan/workspace/01-repo/03-agents/Turbo-pi/packages/agent-server/eval/alfworld_data/json_2.1.1/valid_unseen/pick_and_place_simple-Mug-None-Desk-308/trial_T20190909_210238_431966/game.tw-pddl
L2-control-student,52,pick_heat_then_place,0,49,13,113996,844,188.4,/Users/turbineyan/workspace/01-repo/03-agents/Turbo-pi/packages/agent-server/eval/alfworld_data/json_2.1.1/valid_unseen/pick_heat_then_place_in_recep-Potato-None-GarbageCan-10/trial_T20190907_161853_945788/game.tw-pddl
L2-control-student,53,pick_two_obj,0,49,17,115108,811,207.1,/Users/turbineyan/workspace/01-repo/03-agents/Turbo-pi/packages/agent-server/eval/alfworld_data/json_2.1.1/valid_unseen/pick_two_obj_and_place-SoapBar-None-Cabinet-424/trial_T20190909_081746_857594/game.tw-pddl
L2-control-student,54,pick_heat_then_place,0,49,30,108979,295,154.5,/Users/turbineyan/workspace/01-repo/03-agents/Turbo-pi/packages/agent-server/eval/alfworld_data/json_2.1.1/valid_unseen/pick_heat_then_place_in_recep-Apple-None-Fridge-10/trial_T20190906_182259_116320/game.tw-pddl
L2-control-student,55,pick_two_obj,0,49,46,95101,257,317.1,/Users/turbineyan/workspace/01-repo/03-agents/Turbo-pi/packages/agent-server/eval/alfworld_data/json_2.1.1/valid_unseen/pick_two_obj_and_place-Pillow-None-Sofa-219/trial_T20190907_163408_914117/game.tw-pddl
L2-control-student,56,pick_clean_then_place,0,49,17,128502,1147,205.3,/Users/turbineyan/workspace/01-repo/03-agents/Turbo-pi/packages/agent-server/eval/alfworld_data/json_2.1.1/valid_unseen/pick_clean_then_place_in_recep-Mug-None-CoffeeMachine-10/trial_T20190907_221208_560499/game.tw-pddl
L2-control-student,57,pick_and_place,0,49,33,94071,490,168.0,/Users/turbineyan/workspace/01-repo/03-agents/Turbo-pi/packages/agent-server/eval/alfworld_data/json_2.1.1/valid_unseen/pick_and_place_simple-PepperShaker-None-Drawer-10/trial_T20190918_154326_823501/game.tw-pddl
L2-control-student,58,pick_and_place,0,49,46,80511,257,201.1,/Users/turbineyan/workspace/01-repo/03-agents/Turbo-pi/packages/agent-server/eval/alfworld_data/json_2.1.1/valid_unseen/pick_and_place_simple-Watch-None-Safe-219/trial_T20190907_074524_006355/game.tw-pddl
L2-control-student,59,pick_heat_then_place,0,49,5,127516,1944,235.7,/Users/turbineyan/workspace/01-repo/03-agents/Turbo-pi/packages/agent-server/eval/alfworld_data/json_2.1.1/valid_unseen/pick_heat_then_place_in_recep-Tomato-None-GarbageCan-10/trial_T20190908_225359_617900/game.tw-pddl
L2-control-student,60,look_at_obj,0,49,23,104056,430,147.5,/Users/turbineyan/workspace/01-repo/03-agents/Turbo-pi/packages/agent-server/eval/alfworld_data/json_2.1.1/valid_unseen/look_at_obj_in_light-Book-None-DeskLamp-308/trial_T20190908_020048_814402/game.tw-pddl
L2-control-student,61,pick_cool_then_place,0,49,41,112005,403,192.7,/Users/turbineyan/workspace/01-repo/03-agents/Turbo-pi/packages/agent-server/eval/alfworld_data/json_2.1.1/valid_unseen/pick_cool_then_place_in_recep-Potato-None-Microwave-10/trial_T20190907_033306_962974/game.tw-pddl
L2-control-student,62,look_at_obj,0,49,20,101498,677,175.4,/Users/turbineyan/workspace/01-repo/03-agents/Turbo-pi/packages/agent-server/eval/alfworld_data/json_2.1.1/valid_unseen/look_at_obj_in_light-CD-None-DeskLamp-308/trial_T20190908_141958_463362/game.tw-pddl
L2-control-student,63,pick_heat_then_place,0,49,13,132806,2194,307.4,/Users/turbineyan/workspace/01-repo/03-agents/Turbo-pi/packages/agent-server/eval/alfworld_data/json_2.1.1/valid_unseen/pick_heat_then_place_in_recep-Mug-None-CoffeeMachine-10/trial_T20190907_171806_406231/game.tw-pddl
L2-control-student,64,look_at_obj,0,49,39,95942,372,179.0,/Users/turbineyan/workspace/01-repo/03-agents/Turbo-pi/packages/agent-server/eval/alfworld_data/json_2.1.1/valid_unseen/look_at_obj_in_light-Pencil-None-DeskLamp-308/trial_T20190908_220545_153480/game.tw-pddl
L2-control-student,65,pick_clean_then_place,0,49,24,118585,512,258.1,/Users/turbineyan/workspace/01-repo/03-agents/Turbo-pi/packages/agent-server/eval/alfworld_data/json_2.1.1/valid_unseen/pick_clean_then_place_in_recep-SoapBar-None-Cabinet-424/trial_T20190908_215019_162873/game.tw-pddl
L2-control-student,66,pick_heat_then_place,0,49,12,113910,767,234.3,/Users/turbineyan/workspace/01-repo/03-agents/Turbo-pi/packages/agent-server/eval/alfworld_data/json_2.1.1/valid_unseen/pick_heat_then_place_in_recep-Apple-None-Fridge-10/trial_T20190906_182435_622538/game.tw-pddl
L2-control-student,67,look_at_obj,0,49,24,105104,456,156.7,/Users/turbineyan/workspace/01-repo/03-agents/Turbo-pi/packages/agent-server/eval/alfworld_data/json_2.1.1/valid_unseen/look_at_obj_in_light-Book-None-DeskLamp-308/trial_T20190908_144951_587345/game.tw-pddl
L2-control-student,68,pick_heat_then_place,0,49,26,108611,380,214.8,/Users/turbineyan/workspace/01-repo/03-agents/Turbo-pi/packages/agent-server/eval/alfworld_data/json_2.1.1/valid_unseen/pick_heat_then_place_in_recep-Mug-None-Cabinet-10/trial_T20190909_021200_669381/game.tw-pddl
L2-control-student,69,look_at_obj,0,49,20,100174,529,181.6,/Users/turbineyan/workspace/01-repo/03-agents/Turbo-pi/packages/agent-server/eval/alfworld_data/json_2.1.1/valid_unseen/look_at_obj_in_light-Bowl-None-DeskLamp-308/trial_T20190907_133935_066606/game.tw-pddl
L2-control-student,70,pick_two_obj,0,49,40,97521,282,301.0,/Users/turbineyan/workspace/01-repo/03-agents/Turbo-pi/packages/agent-server/eval/alfworld_data/json_2.1.1/valid_unseen/pick_two_obj_and_place-Pillow-None-Sofa-219/trial_T20190907_163240_345855/game.tw-pddl
L2-control-student,71,pick_heat_then_place,0,49,19,107222,960,294.1,/Users/turbineyan/workspace/01-repo/03-agents/Turbo-pi/packages/agent-server/eval/alfworld_data/json_2.1.1/valid_unseen/pick_heat_then_place_in_recep-Mug-None-CoffeeMachine-10/trial_T20190907_171850_960211/game.tw-pddl
L2-control-student,72,pick_cool_then_place,0,49,32,117483,277,187.4,/Users/turbineyan/workspace/01-repo/03-agents/Turbo-pi/packages/agent-server/eval/alfworld_data/json_2.1.1/valid_unseen/pick_cool_then_place_in_recep-Tomato-None-Microwave-10/trial_T20190909_102608_318800/game.tw-pddl
L2-control-student,73,pick_and_place,0,49,44,80434,283,204.7,/Users/turbineyan/workspace/01-repo/03-agents/Turbo-pi/packages/agent-server/eval/alfworld_data/json_2.1.1/valid_unseen/pick_and_place_simple-Mug-None-Desk-308/trial_T20190908_125200_737896/game.tw-pddl
L2-control-student,74,pick_clean_then_place,0,49,20,124602,1024,213.9,/Users/turbineyan/workspace/01-repo/03-agents/Turbo-pi/packages/agent-server/eval/alfworld_data/json_2.1.1/valid_unseen/pick_clean_then_place_in_recep-Egg-None-Microwave-10/trial_T20190909_120554_888709/game.tw-pddl
L2-control-student,75,pick_heat_then_place,0,49,12,113131,891,272.4,/Users/turbineyan/workspace/01-repo/03-agents/Turbo-pi/packages/agent-server/eval/alfworld_data/json_2.1.1/valid_unseen/pick_heat_then_place_in_recep-Tomato-None-GarbageCan-10/trial_T20190908_225046_020282/game.tw-pddl
L2-control-student,76,pick_clean_then_place,0,49,23,122503,608,223.2,/Users/turbineyan/workspace/01-repo/03-agents/Turbo-pi/packages/agent-server/eval/alfworld_data/json_2.1.1/valid_unseen/pick_clean_then_place_in_recep-Bowl-None-Cabinet-10/trial_T20190909_061232_368489/game.tw-pddl
L2-control-student,77,pick_cool_then_place,0,49,32,116441,502,225.8,/Users/turbineyan/workspace/01-repo/03-agents/Turbo-pi/packages/agent-server/eval/alfworld_data/json_2.1.1/valid_unseen/pick_cool_then_place_in_recep-Mug-None-Cabinet-10/trial_T20190909_121559_082363/game.tw-pddl
L2-control-student,78,pick_clean_then_place,0,49,22,129938,953,204.3,/Users/turbineyan/workspace/01-repo/03-agents/Turbo-pi/packages/agent-server/eval/alfworld_data/json_2.1.1/valid_unseen/pick_clean_then_place_in_recep-Spatula-None-Drawer-10/trial_T20190907_080730_211959/game.tw-pddl
L2-control-student,79,pick_clean_then_place,0,49,11,133632,1505,232.9,/Users/turbineyan/workspace/01-repo/03-agents/Turbo-pi/packages/agent-server/eval/alfworld_data/json_2.1.1/valid_unseen/pick_clean_then_place_in_recep-Mug-None-CoffeeMachine-10/trial_T20190907_221300_362511/game.tw-pddl
L2-control-student,80,pick_clean_then_place,0,49,37,117307,546,199.6,/Users/turbineyan/workspace/01-repo/03-agents/Turbo-pi/packages/agent-server/eval/alfworld_data/json_2.1.1/valid_unseen/pick_clean_then_place_in_recep-Spatula-None-Drawer-10/trial_T20190907_080825_222432/game.tw-pddl
L2-control-student,81,pick_and_place,0,49,46,80556,257,203.7,/Users/turbineyan/workspace/01-repo/03-agents/Turbo-pi/packages/agent-server/eval/alfworld_data/json_2.1.1/valid_unseen/pick_and_place_simple-Watch-None-Safe-219/trial_T20190907_074643_810052/game.tw-pddl
L2-control-student,82,look_at_obj,1,28,5,53973,326,104.8,/Users/turbineyan/workspace/01-repo/03-agents/Turbo-pi/packages/agent-server/eval/alfworld_data/json_2.1.1/valid_unseen/look_at_obj_in_light-Pencil-None-DeskLamp-308/trial_T20190908_220604_010430/game.tw-pddl
L2-control-student,83,pick_clean_then_place,0,49,14,116699,570,419.6,/Users/turbineyan/workspace/01-repo/03-agents/Turbo-pi/packages/agent-server/eval/alfworld_data/json_2.1.1/valid_unseen/pick_clean_then_place_in_recep-Cloth-None-Cabinet-424/trial_T20190908_022321_380927/game.tw-pddl
L2-control-student,84,pick_and_place,0,49,31,92082,608,175.5,/Users/turbineyan/workspace/01-repo/03-agents/Turbo-pi/packages/agent-server/eval/alfworld_data/json_2.1.1/valid_unseen/pick_and_place_simple-SaltShaker-None-Drawer-10/trial_T20190909_021650_880235/game.tw-pddl
L2-control-student,85,pick_two_obj,0,49,44,94481,274,343.0,/Users/turbineyan/workspace/01-repo/03-agents/Turbo-pi/packages/agent-server/eval/alfworld_data/json_2.1.1/valid_unseen/pick_two_obj_and_place-CD-None-Safe-308/trial_T20190907_050942_897916/game.tw-pddl
L2-control-student,86,pick_heat_then_place,0,49,5,145570,2849,348.2,/Users/turbineyan/workspace/01-repo/03-agents/Turbo-pi/packages/agent-server/eval/alfworld_data/json_2.1.1/valid_unseen/pick_heat_then_place_in_recep-Apple-None-GarbageCan-10/trial_T20190908_145143_820541/game.tw-pddl
L2-control-student,87,look_at_obj,0,49,33,94015,352,172.3,/Users/turbineyan/workspace/01-repo/03-agents/Turbo-pi/packages/agent-server/eval/alfworld_data/json_2.1.1/valid_unseen/look_at_obj_in_light-Mug-None-DeskLamp-308/trial_T20190908_201421_021646/game.tw-pddl
L2-control-student,88,pick_cool_then_place,0,49,23,126630,1076,237.7,/Users/turbineyan/workspace/01-repo/03-agents/Turbo-pi/packages/agent-server/eval/alfworld_data/json_2.1.1/valid_unseen/pick_cool_then_place_in_recep-Pan-None-CounterTop-10/trial_T20190908_114656_768805/game.tw-pddl
L2-control-student,89,pick_heat_then_place,0,49,31,112020,741,239.1,/Users/turbineyan/workspace/01-repo/03-agents/Turbo-pi/packages/agent-server/eval/alfworld_data/json_2.1.1/valid_unseen/pick_heat_then_place_in_recep-Apple-None-Fridge-10/trial_T20190906_182353_418140/game.tw-pddl
L2-control-student,90,pick_and_place,0,49,33,93825,259,170.5,/Users/turbineyan/workspace/01-repo/03-agents/Turbo-pi/packages/agent-server/eval/alfworld_data/json_2.1.1/valid_unseen/pick_and_place_simple-SaltShaker-None-Cabinet-10/trial_T20190906_191445_723170/game.tw-pddl
L2-control-student,91,pick_clean_then_place,0,49,20,109504,411,226.2,/Users/turbineyan/workspace/01-repo/03-agents/Turbo-pi/packages/agent-server/eval/alfworld_data/json_2.1.1/valid_unseen/pick_clean_then_place_in_recep-Cloth-None-Cabinet-424/trial_T20190908_022436_073995/game.tw-pddl
L2-control-student,92,pick_clean_then_place,1,24,1,51400,210,108.7,/Users/turbineyan/workspace/01-repo/03-agents/Turbo-pi/packages/agent-server/eval/alfworld_data/json_2.1.1/valid_unseen/pick_clean_then_place_in_recep-Pan-None-CounterTop-10/trial_T20190908_032543_712058/game.tw-pddl
L2-control-student,93,pick_clean_then_place,0,49,27,132398,1052,200.3,/Users/turbineyan/workspace/01-repo/03-agents/Turbo-pi/packages/agent-server/eval/alfworld_data/json_2.1.1/valid_unseen/pick_clean_then_place_in_recep-Spatula-None-Drawer-10/trial_T20190907_080800_275989/game.tw-pddl
L2-control-student,94,look_at_obj,0,49,9,105814,821,189.5,/Users/turbineyan/workspace/01-repo/03-agents/Turbo-pi/packages/agent-server/eval/alfworld_data/json_2.1.1/valid_unseen/look_at_obj_in_light-Mug-None-DeskLamp-308/trial_T20190908_201444_037645/game.tw-pddl
L2-control-student,95,pick_cool_then_place,0,49,42,106059,260,183.6,/Users/turbineyan/workspace/01-repo/03-agents/Turbo-pi/packages/agent-server/eval/alfworld_data/json_2.1.1/valid_unseen/pick_cool_then_place_in_recep-Mug-None-Cabinet-10/trial_T20190909_121710_650938/game.tw-pddl
L2-control-student,96,pick_heat_then_place,0,49,37,95358,331,318.2,/Users/turbineyan/workspace/01-repo/03-agents/Turbo-pi/packages/agent-server/eval/alfworld_data/json_2.1.1/valid_unseen/pick_heat_then_place_in_recep-Mug-None-Cabinet-10/trial_T20190909_021100_341887/game.tw-pddl
L2-control-student,97,pick_clean_then_place,0,49,20,123162,1045,244.9,/Users/turbineyan/workspace/01-repo/03-agents/Turbo-pi/packages/agent-server/eval/alfworld_data/json_2.1.1/valid_unseen/pick_clean_then_place_in_recep-SoapBar-None-Cabinet-424/trial_T20190908_214946_567644/game.tw-pddl
L2-control-student,98,look_at_obj,1,10,1,17542,186,42.9,/Users/turbineyan/workspace/01-repo/03-agents/Turbo-pi/packages/agent-server/eval/alfworld_data/json_2.1.1/valid_unseen/look_at_obj_in_light-Mug-None-DeskLamp-308/trial_T20190908_161733_213242/game.tw-pddl
L2-control-student,99,pick_and_place,0,49,45,80220,276,221.7,/Users/turbineyan/workspace/01-repo/03-agents/Turbo-pi/packages/agent-server/eval/alfworld_data/json_2.1.1/valid_unseen/pick_and_place_simple-Mug-None-Desk-308/trial_T20190909_203041_433487/game.tw-pddl
L2-control-student,100,look_at_obj,0,49,6,136414,2023,218.3,/Users/turbineyan/workspace/01-repo/03-agents/Turbo-pi/packages/agent-server/eval/alfworld_data/json_2.1.1/valid_unseen/look_at_obj_in_light-AlarmClock-None-DeskLamp-308/trial_T20190908_222951_616606/game.tw-pddl
L2-control-student,101,look_at_obj,0,49,16,109171,655,226.5,/Users/turbineyan/workspace/01-repo/03-agents/Turbo-pi/packages/agent-server/eval/alfworld_data/json_2.1.1/valid_unseen/look_at_obj_in_light-Book-None-DeskLamp-308/trial_T20190908_020029_636862/game.tw-pddl
L2-control-student,102,pick_two_obj,0,49,30,106281,587,257.1,/Users/turbineyan/workspace/01-repo/03-agents/Turbo-pi/packages/agent-server/eval/alfworld_data/json_2.1.1/valid_unseen/pick_two_obj_and_place-SoapBar-None-GarbageCan-424/trial_T20190909_064053_839817/game.tw-pddl
L2-control-student,103,pick_cool_then_place,0,49,21,132191,1046,208.7,/Users/turbineyan/workspace/01-repo/03-agents/Turbo-pi/packages/agent-server/eval/alfworld_data/json_2.1.1/valid_unseen/pick_cool_then_place_in_recep-Bread-None-CounterTop-10/trial_T20190908_091835_825830/game.tw-pddl
L2-control-student,104,look_at_obj,0,49,27,102066,604,264.4,/Users/turbineyan/workspace/01-repo/03-agents/Turbo-pi/packages/agent-server/eval/alfworld_data/json_2.1.1/valid_unseen/look_at_obj_in_light-AlarmClock-None-DeskLamp-308/trial_T20190908_222917_366542/game.tw-pddl
L2-control-student,105,look_at_obj,0,49,39,95515,369,285.3,/Users/turbineyan/workspace/01-repo/03-agents/Turbo-pi/packages/agent-server/eval/alfworld_data/json_2.1.1/valid_unseen/look_at_obj_in_light-CD-None-DeskLamp-308/trial_T20190908_142046_281296/game.tw-pddl
L2-control-student,106,pick_heat_then_place,0,49,12,112024,573,266.3,/Users/turbineyan/workspace/01-repo/03-agents/Turbo-pi/packages/agent-server/eval/alfworld_data/json_2.1.1/valid_unseen/pick_heat_then_place_in_recep-Egg-None-GarbageCan-10/trial_T20190908_113432_673307/game.tw-pddl
L2-control-student,107,pick_clean_then_place,0,49,33,117076,559,233.1,/Users/turbineyan/workspace/01-repo/03-agents/Turbo-pi/packages/agent-server/eval/alfworld_data/json_2.1.1/valid_unseen/pick_clean_then_place_in_recep-SoapBar-None-CounterTop-424/trial_T20190907_074045_109439/game.tw-pddl
L2-control-student,108,pick_two_obj,0,49,26,108286,320,254.9,/Users/turbineyan/workspace/01-repo/03-agents/Turbo-pi/packages/agent-server/eval/alfworld_data/json_2.1.1/valid_unseen/pick_two_obj_and_place-SoapBar-None-GarbageCan-424/trial_T20190909_064309_357168/game.tw-pddl
L2-control-student,109,pick_and_place,0,49,30,97984,821,162.9,/Users/turbineyan/workspace/01-repo/03-agents/Turbo-pi/packages/agent-server/eval/alfworld_data/json_2.1.1/valid_unseen/pick_and_place_simple-SoapBottle-None-Toilet-424/trial_T20190907_004351_281384/game.tw-pddl
L2-control-student,110,pick_and_place,0,49,46,80376,257,204.3,/Users/turbineyan/workspace/01-repo/03-agents/Turbo-pi/packages/agent-server/eval/alfworld_data/json_2.1.1/valid_unseen/pick_and_place_simple-Vase-None-Safe-219/trial_T20190908_205221_748352/game.tw-pddl
L2-control-student,111,pick_cool_then_place,0,49,14,149173,1522,228.9,/Users/turbineyan/workspace/01-repo/03-agents/Turbo-pi/packages/agent-server/eval/alfworld_data/json_2.1.1/valid_unseen/pick_cool_then_place_in_recep-Lettuce-None-CounterTop-10/trial_T20190909_123133_763972/game.tw-pddl
L2-control-student,112,pick_two_obj,0,49,45,94126,259,349.6,/Users/turbineyan/workspace/01-repo/03-agents/Turbo-pi/packages/agent-server/eval/alfworld_data/json_2.1.1/valid_unseen/pick_two_obj_and_place-CD-None-Safe-308/trial_T20190907_051056_585414/game.tw-pddl
L2-control-student,113,pick_clean_then_place,0,49,29,114856,302,198.9,/Users/turbineyan/workspace/01-repo/03-agents/Turbo-pi/packages/agent-server/eval/alfworld_data/json_2.1.1/valid_unseen/pick_clean_then_place_in_recep-Egg-None-Microwave-10/trial_T20190909_120632_691361/game.tw-pddl
L2-control-student,114,pick_two_obj,0,49,9,116407,635,268.8,/Users/turbineyan/workspace/01-repo/03-agents/Turbo-pi/packages/agent-server/eval/alfworld_data/json_2.1.1/valid_unseen/pick_two_obj_and_place-ToiletPaper-None-Cabinet-424/trial_T20190906_202926_527010/game.tw-pddl
L2-control-student,115,pick_cool_then_place,0,49,25,135267,1187,212.2,/Users/turbineyan/workspace/01-repo/03-agents/Turbo-pi/packages/agent-server/eval/alfworld_data/json_2.1.1/valid_unseen/pick_cool_then_place_in_recep-Bread-None-CounterTop-10/trial_T20190908_091747_866951/game.tw-pddl
L2-control-student,116,pick_cool_then_place,0,49,23,122959,788,222.0,/Users/turbineyan/workspace/01-repo/03-agents/Turbo-pi/packages/agent-server/eval/alfworld_data/json_2.1.1/valid_unseen/pick_cool_then_place_in_recep-Mug-None-Cabinet-10/trial_T20190909_121635_622676/game.tw-pddl
L2-control-student,117,pick_clean_then_place,0,49,24,121839,858,263.4,/Users/turbineyan/workspace/01-repo/03-agents/Turbo-pi/packages/agent-server/eval/alfworld_data/json_2.1.1/valid_unseen/pick_clean_then_place_in_recep-SoapBar-None-CounterTop-424/trial_T20190907_074124_966890/game.tw-pddl
L2-control-student,118,pick_cool_then_place,0,49,30,121182,738,228.8,/Users/turbineyan/workspace/01-repo/03-agents/Turbo-pi/packages/agent-server/eval/alfworld_data/json_2.1.1/valid_unseen/pick_cool_then_place_in_recep-Tomato-None-Microwave-10/trial_T20190909_102644_926781/game.tw-pddl
L2-control-student,119,pick_heat_then_place,0,49,9,126712,1870,323.0,/Users/turbineyan/workspace/01-repo/03-agents/Turbo-pi/packages/agent-server/eval/alfworld_data/json_2.1.1/valid_unseen/pick_heat_then_place_in_recep-Potato-None-GarbageCan-10/trial_T20190907_161745_664033/game.tw-pddl
L2-control-student,120,pick_two_obj,0,49,46,95190,258,340.5,/Users/turbineyan/workspace/01-repo/03-agents/Turbo-pi/packages/agent-server/eval/alfworld_data/json_2.1.1/valid_unseen/pick_two_obj_and_place-KeyChain-None-Safe-219/trial_T20190909_011803_423115/game.tw-pddl
L2-control-student,121,pick_clean_then_place,0,49,34,111440,276,199.8,/Users/turbineyan/workspace/01-repo/03-agents/Turbo-pi/packages/agent-server/eval/alfworld_data/json_2.1.1/valid_unseen/pick_clean_then_place_in_recep-Pan-None-CounterTop-10/trial_T20190908_032434_013084/game.tw-pddl
L2-control-student,122,pick_two_obj,0,49,44,94574,270,345.6,/Users/turbineyan/workspace/01-repo/03-agents/Turbo-pi/packages/agent-server/eval/alfworld_data/json_2.1.1/valid_unseen/pick_two_obj_and_place-CD-None-Safe-308/trial_T20190907_051013_060265/game.tw-pddl
L2-control-student,123,pick_and_place,0,49,30,98407,858,188.6,/Users/turbineyan/workspace/01-repo/03-agents/Turbo-pi/packages/agent-server/eval/alfworld_data/json_2.1.1/valid_unseen/pick_and_place_simple-PepperShaker-None-Drawer-10/trial_T20190918_154424_844749/game.tw-pddl
L2-control-student,124,pick_two_obj,0,49,37,104861,345,228.2,/Users/turbineyan/workspace/01-repo/03-agents/Turbo-pi/packages/agent-server/eval/alfworld_data/json_2.1.1/valid_unseen/pick_two_obj_and_place-PepperShaker-None-Drawer-10/trial_T20190912_221141_608117/game.tw-pddl
L2-control-student,125,pick_heat_then_place,0,49,11,107269,618,290.4,/Users/turbineyan/workspace/01-repo/03-agents/Turbo-pi/packages/agent-server/eval/alfworld_data/json_2.1.1/valid_unseen/pick_heat_then_place_in_recep-Mug-None-Cabinet-10/trial_T20190909_021247_306737/game.tw-pddl
L2-control-student,126,pick_two_obj,0,49,23,109761,351,267.5,/Users/turbineyan/workspace/01-repo/03-agents/Turbo-pi/packages/agent-server/eval/alfworld_data/json_2.1.1/valid_unseen/pick_two_obj_and_place-SoapBar-None-Cabinet-424/trial_T20190909_081720_491733/game.tw-pddl
L2-control-student,127,pick_clean_then_place,0,49,22,112558,449,197.0,/Users/turbineyan/workspace/01-repo/03-agents/Turbo-pi/packages/agent-server/eval/alfworld_data/json_2.1.1/valid_unseen/pick_clean_then_place_in_recep-Bowl-None-Cabinet-10/trial_T20190909_061158_110530/game.tw-pddl
L2-control-student,128,pick_and_place,0,49,39,91457,513,231.7,/Users/turbineyan/workspace/01-repo/03-agents/Turbo-pi/packages/agent-server/eval/alfworld_data/json_2.1.1/valid_unseen/pick_and_place_simple-SaltShaker-None-Drawer-10/trial_T20190909_021613_077537/game.tw-pddl
L2-control-student,129,pick_and_place,0,49,44,79499,270,209.4,/Users/turbineyan/workspace/01-repo/03-agents/Turbo-pi/packages/agent-server/eval/alfworld_data/json_2.1.1/valid_unseen/pick_and_place_simple-Pencil-None-Shelf-308/trial_T20190908_122154_042763/game.tw-pddl
L2-control-student,130,pick_heat_then_place,0,49,13,112196,1129,281.2,/Users/turbineyan/workspace/01-repo/03-agents/Turbo-pi/packages/agent-server/eval/alfworld_data/json_2.1.1/valid_unseen/pick_heat_then_place_in_recep-Tomato-None-GarbageCan-10/trial_T20190908_225453_272533/game.tw-pddl
L2-control-student,131,pick_clean_then_place,0,49,7,132944,1323,242.5,/Users/turbineyan/workspace/01-repo/03-agents/Turbo-pi/packages/agent-server/eval/alfworld_data/json_2.1.1/valid_unseen/pick_clean_then_place_in_recep-Knife-None-CounterTop-10/trial_T20190909_110445_675754/game.tw-pddl
L2-control-student,132,pick_and_place,0,49,46,80511,257,209.1,/Users/turbineyan/workspace/01-repo/03-agents/Turbo-pi/packages/agent-server/eval/alfworld_data/json_2.1.1/valid_unseen/pick_and_place_simple-Vase-None-Safe-219/trial_T20190908_205246_776817/game.tw-pddl
L2-control-student,133,pick_clean_then_place,0,49,12,124106,1168,273.4,/Users/turbineyan/workspace/01-repo/03-agents/Turbo-pi/packages/agent-server/eval/alfworld_data/json_2.1.1/valid_unseen/pick_clean_then_place_in_recep-Cloth-None-CounterTop-424/trial_T20190908_100632_546757/game.tw-pddl
L3-experiment-student-inj-cold,0,look_at_obj,1,45,12,0,0,282.0,/Users/turbineyan/workspace/01-repo/03-agents/Turbo-pi/packages/agent-server/eval/alfworld_data/json_2.1.1/valid_unseen/look_at_obj_in_light-Bowl-None-DeskLamp-308/trial_T20190907_133919_856963/game.tw-pddl
L3-experiment-student-inj-cold,1,pick_two_obj,0,49,20,0,0,277.7,/Users/turbineyan/workspace/01-repo/03-agents/Turbo-pi/packages/agent-server/eval/alfworld_data/json_2.1.1/valid_unseen/pick_two_obj_and_place-SoapBar-None-GarbageCan-424/trial_T20190909_064221_368939/game.tw-pddl
L3-experiment-student-inj-cold,2,pick_cool_then_place,0,49,39,0,0,205.5,/Users/turbineyan/workspace/01-repo/03-agents/Turbo-pi/packages/agent-server/eval/alfworld_data/json_2.1.1/valid_unseen/pick_cool_then_place_in_recep-Tomato-None-Microwave-10/trial_T20190909_102710_795182/game.tw-pddl
L3-experiment-student-inj-cold,3,pick_clean_then_place,0,49,20,0,0,233.3,/Users/turbineyan/workspace/01-repo/03-agents/Turbo-pi/packages/agent-server/eval/alfworld_data/json_2.1.1/valid_unseen/pick_clean_then_place_in_recep-Plate-None-CounterTop-10/trial_T20190908_213420_728917/game.tw-pddl
L3-experiment-student-inj-cold,4,pick_clean_then_place,0,49,6,0,0,252.3,/Users/turbineyan/workspace/01-repo/03-agents/Turbo-pi/packages/agent-server/eval/alfworld_data/json_2.1.1/valid_unseen/pick_clean_then_place_in_recep-SoapBar-None-CounterTop-424/trial_T20190907_074106_050405/game.tw-pddl
L3-experiment-student-inj-cold,5,pick_cool_then_place,0,49,16,0,0,404.0,/Users/turbineyan/workspace/01-repo/03-agents/Turbo-pi/packages/agent-server/eval/alfworld_data/json_2.1.1/valid_unseen/pick_cool_then_place_in_recep-Lettuce-None-CounterTop-10/trial_T20190909_174840_771703/game.tw-pddl
L3-experiment-student-inj-cold,6,pick_clean_then_place,0,49,34,0,0,186.3,/Users/turbineyan/workspace/01-repo/03-agents/Turbo-pi/packages/agent-server/eval/alfworld_data/json_2.1.1/valid_unseen/pick_clean_then_place_in_recep-Pan-None-CounterTop-10/trial_T20190908_032518_891433/game.tw-pddl
L3-experiment-student-inj-cold,7,pick_clean_then_place,0,49,34,0,0,227.2,/Users/turbineyan/workspace/01-repo/03-agents/Turbo-pi/packages/agent-server/eval/alfworld_data/json_2.1.1/valid_unseen/pick_clean_then_place_in_recep-Plate-None-CounterTop-10/trial_T20190908_213356_017769/game.tw-pddl
L3-experiment-student-inj-cold,8,pick_heat_then_place,0,49,20,0,0,272.2,/Users/turbineyan/workspace/01-repo/03-agents/Turbo-pi/packages/agent-server/eval/alfworld_data/json_2.1.1/valid_unseen/pick_heat_then_place_in_recep-Mug-None-CoffeeMachine-10/trial_T20190907_171933_349922/game.tw-pddl
L3-experiment-student-inj-cold,9,pick_and_place,0,49,42,0,0,225.4,/Users/turbineyan/workspace/01-repo/03-agents/Turbo-pi/packages/agent-server/eval/alfworld_data/json_2.1.1/valid_unseen/pick_and_place_simple-SaltShaker-None-Drawer-10/trial_T20190909_021728_339782/game.tw-pddl
L3-experiment-student-inj-cold,10,pick_clean_then_place,0,49,14,0,0,202.5,/Users/turbineyan/workspace/01-repo/03-agents/Turbo-pi/packages/agent-server/eval/alfworld_data/json_2.1.1/valid_unseen/pick_clean_then_place_in_recep-Bowl-None-Cabinet-10/trial_T20190909_061130_844814/game.tw-pddl
L3-experiment-student-inj-cold,11,pick_and_place,0,49,46,0,0,202.4,/Users/turbineyan/workspace/01-repo/03-agents/Turbo-pi/packages/agent-server/eval/alfworld_data/json_2.1.1/valid_unseen/pick_and_place_simple-Vase-None-Safe-219/trial_T20190908_205204_244321/game.tw-pddl
L3-experiment-student-inj-cold,12,pick_cool_then_place,0,49,41,0,0,184.3,/Users/turbineyan/workspace/01-repo/03-agents/Turbo-pi/packages/agent-server/eval/alfworld_data/json_2.1.1/valid_unseen/pick_cool_then_place_in_recep-Potato-None-Microwave-10/trial_T20190907_033157_424297/game.tw-pddl
L3-experiment-student-inj-cold,13,pick_cool_then_place,0,49,24,0,0,221.6,/Users/turbineyan/workspace/01-repo/03-agents/Turbo-pi/packages/agent-server/eval/alfworld_data/json_2.1.1/valid_unseen/pick_cool_then_place_in_recep-Mug-None-CoffeeMachine-10/trial_T20190907_183715_299073/game.tw-pddl
L3-experiment-student-inj-cold,14,pick_heat_then_place,0,49,2,0,0,206.7,/Users/turbineyan/workspace/01-repo/03-agents/Turbo-pi/packages/agent-server/eval/alfworld_data/json_2.1.1/valid_unseen/pick_heat_then_place_in_recep-Egg-None-GarbageCan-10/trial_T20190908_113610_425142/game.tw-pddl
L3-experiment-student-inj-cold,15,pick_cool_then_place,0,49,39,0,0,209.3,/Users/turbineyan/workspace/01-repo/03-agents/Turbo-pi/packages/agent-server/eval/alfworld_data/json_2.1.1/valid_unseen/pick_cool_then_place_in_recep-Mug-None-CoffeeMachine-10/trial_T20190907_183853_958104/game.tw-pddl
L3-experiment-student-inj-cold,16,pick_heat_then_place,0,49,22,0,0,236.4,/Users/turbineyan/workspace/01-repo/03-agents/Turbo-pi/packages/agent-server/eval/alfworld_data/json_2.1.1/valid_unseen/pick_heat_then_place_in_recep-Cup-None-Cabinet-10/trial_T20190907_083346_800823/game.tw-pddl
L3-experiment-student-inj-cold,17,pick_clean_then_place,0,49,16,0,0,214.5,/Users/turbineyan/workspace/01-repo/03-agents/Turbo-pi/packages/agent-server/eval/alfworld_data/json_2.1.1/valid_unseen/pick_clean_then_place_in_recep-Mug-None-CoffeeMachine-10/trial_T20190907_221355_558505/game.tw-pddl
L3-experiment-student-inj-cold,18,pick_clean_then_place,0,49,37,0,0,200.9,/Users/turbineyan/workspace/01-repo/03-agents/Turbo-pi/packages/agent-server/eval/alfworld_data/json_2.1.1/valid_unseen/pick_clean_then_place_in_recep-SoapBar-None-Cabinet-424/trial_T20190908_214926_337906/game.tw-pddl
L3-experiment-student-inj-cold,19,pick_heat_then_place,0,49,8,0,0,245.0,/Users/turbineyan/workspace/01-repo/03-agents/Turbo-pi/packages/agent-server/eval/alfworld_data/json_2.1.1/valid_unseen/pick_heat_then_place_in_recep-Cup-None-Cabinet-10/trial_T20190907_083507_594820/game.tw-pddl
L3-experiment-student-inj-cold,20,pick_clean_then_place,0,49,35,0,0,178.2,/Users/turbineyan/workspace/01-repo/03-agents/Turbo-pi/packages/agent-server/eval/alfworld_data/json_2.1.1/valid_unseen/pick_clean_then_place_in_recep-Knife-None-CounterTop-10/trial_T20190909_110347_624008/game.tw-pddl
L3-experiment-student-inj-cold,21,pick_clean_then_place,0,49,11,0,0,245.6,/Users/turbineyan/workspace/01-repo/03-agents/Turbo-pi/packages/agent-server/eval/alfworld_data/json_2.1.1/valid_unseen/pick_clean_then_place_in_recep-Cloth-None-CounterTop-424/trial_T20190908_114340_674467/game.tw-pddl
L3-experiment-student-inj-cold,22,look_at_obj,1,34,8,0,0,210.3,/Users/turbineyan/workspace/01-repo/03-agents/Turbo-pi/packages/agent-server/eval/alfworld_data/json_2.1.1/valid_unseen/look_at_obj_in_light-Bowl-None-DeskLamp-308/trial_T20190907_133953_562557/game.tw-pddl
L3-experiment-student-inj-cold,23,pick_clean_then_place,0,49,23,0,0,188.8,/Users/turbineyan/workspace/01-repo/03-agents/Turbo-pi/packages/agent-server/eval/alfworld_data/json_2.1.1/valid_unseen/pick_clean_then_place_in_recep-Egg-None-Microwave-10/trial_T20190909_120712_273910/game.tw-pddl
L3-experiment-student-inj-cold,24,pick_and_place,0,49,25,0,0,179.6,/Users/turbineyan/workspace/01-repo/03-agents/Turbo-pi/packages/agent-server/eval/alfworld_data/json_2.1.1/valid_unseen/pick_and_place_simple-PepperShaker-None-Drawer-10/trial_T20190906_184021_215264/game.tw-pddl
L3-experiment-student-inj-cold,25,pick_and_place,0,49,44,0,0,198.8,/Users/turbineyan/workspace/01-repo/03-agents/Turbo-pi/packages/agent-server/eval/alfworld_data/json_2.1.1/valid_unseen/pick_and_place_simple-Pencil-None-Shelf-308/trial_T20190908_122024_052056/game.tw-pddl
L3-experiment-student-inj-cold,26,pick_and_place,0,49,27,0,0,160.0,/Users/turbineyan/workspace/01-repo/03-agents/Turbo-pi/packages/agent-server/eval/alfworld_data/json_2.1.1/valid_unseen/pick_and_place_simple-SoapBottle-None-Toilet-424/trial_T20190907_004404_604165/game.tw-pddl
L3-experiment-student-inj-cold,27,pick_and_place,0,49,23,0,0,188.0,/Users/turbineyan/workspace/01-repo/03-agents/Turbo-pi/packages/agent-server/eval/alfworld_data/json_2.1.1/valid_unseen/pick_and_place_simple-SaltShaker-None-Cabinet-10/trial_T20190906_191501_563086/game.tw-pddl
L3-experiment-student-inj-cold,28,pick_and_place,0,49,33,0,0,161.9,/Users/turbineyan/workspace/01-repo/03-agents/Turbo-pi/packages/agent-server/eval/alfworld_data/json_2.1.1/valid_unseen/pick_and_place_simple-SaltShaker-None-Cabinet-10/trial_T20190906_191429_743650/game.tw-pddl
L3-experiment-student-inj-cold,29,pick_cool_then_place,0,49,19,0,0,218.7,/Users/turbineyan/workspace/01-repo/03-agents/Turbo-pi/packages/agent-server/eval/alfworld_data/json_2.1.1/valid_unseen/pick_cool_then_place_in_recep-Lettuce-None-CounterTop-10/trial_T20190909_174807_646433/game.tw-pddl
L3-experiment-student-inj-cold,30,pick_and_place,0,49,46,0,0,208.7,/Users/turbineyan/workspace/01-repo/03-agents/Turbo-pi/packages/agent-server/eval/alfworld_data/json_2.1.1/valid_unseen/pick_and_place_simple-Watch-None-Safe-219/trial_T20190907_074556_124850/game.tw-pddl
L3-experiment-student-inj-cold,31,pick_heat_then_place,0,49,12,0,0,269.4,/Users/turbineyan/workspace/01-repo/03-agents/Turbo-pi/packages/agent-server/eval/alfworld_data/json_2.1.1/valid_unseen/pick_heat_then_place_in_recep-Apple-None-GarbageCan-10/trial_T20190908_145050_918567/game.tw-pddl
L3-experiment-student-inj-cold,32,pick_heat_then_place,0,49,23,0,0,231.7,/Users/turbineyan/workspace/01-repo/03-agents/Turbo-pi/packages/agent-server/eval/alfworld_data/json_2.1.1/valid_unseen/pick_heat_then_place_in_recep-Apple-None-GarbageCan-10/trial_T20190908_145356_918528/game.tw-pddl
L3-experiment-student-inj-cold,33,look_at_obj,1,34,4,0,0,195.3,/Users/turbineyan/workspace/01-repo/03-agents/Turbo-pi/packages/agent-server/eval/alfworld_data/json_2.1.1/valid_unseen/look_at_obj_in_light-CD-None-DeskLamp-308/trial_T20190908_141942_810052/game.tw-pddl
L3-experiment-student-inj-cold,34,pick_cool_then_place,1,5,0,0,0,47.6,/Users/turbineyan/workspace/01-repo/03-agents/Turbo-pi/packages/agent-server/eval/alfworld_data/json_2.1.1/valid_unseen/pick_cool_then_place_in_recep-Pan-None-CounterTop-10/trial_T20190908_114622_738670/game.tw-pddl
L3-experiment-student-inj-cold,35,pick_two_obj,0,49,46,0,0,315.2,/Users/turbineyan/workspace/01-repo/03-agents/Turbo-pi/packages/agent-server/eval/alfworld_data/json_2.1.1/valid_unseen/pick_two_obj_and_place-Pillow-None-Sofa-219/trial_T20190907_163327_486300/game.tw-pddl
L3-experiment-student-inj-cold,36,pick_heat_then_place,0,49,12,0,0,260.4,/Users/turbineyan/workspace/01-repo/03-agents/Turbo-pi/packages/agent-server/eval/alfworld_data/json_2.1.1/valid_unseen/pick_heat_then_place_in_recep-Cup-None-Cabinet-10/trial_T20190907_083429_887065/game.tw-pddl
L3-experiment-student-inj-cold,37,pick_clean_then_place,0,49,32,0,0,178.5,/Users/turbineyan/workspace/01-repo/03-agents/Turbo-pi/packages/agent-server/eval/alfworld_data/json_2.1.1/valid_unseen/pick_clean_then_place_in_recep-Knife-None-CounterTop-10/trial_T20190909_110531_148235/game.tw-pddl
L3-experiment-student-inj-cold,38,look_at_obj,0,49,9,0,0,267.6,/Users/turbineyan/workspace/01-repo/03-agents/Turbo-pi/packages/agent-server/eval/alfworld_data/json_2.1.1/valid_unseen/look_at_obj_in_light-AlarmClock-None-DeskLamp-308/trial_T20190908_222933_607649/game.tw-pddl
L3-experiment-student-inj-cold,39,pick_cool_then_place,0,49,14,0,0,262.3,/Users/turbineyan/workspace/01-repo/03-agents/Turbo-pi/packages/agent-server/eval/alfworld_data/json_2.1.1/valid_unseen/pick_cool_then_place_in_recep-Mug-None-CoffeeMachine-10/trial_T20190907_183807_477267/game.tw-pddl
L3-experiment-student-inj-cold,40,pick_cool_then_place,0,49,35,0,0,217.1,/Users/turbineyan/workspace/01-repo/03-agents/Turbo-pi/packages/agent-server/eval/alfworld_data/json_2.1.1/valid_unseen/pick_cool_then_place_in_recep-Bread-None-CounterTop-10/trial_T20190908_091811_414150/game.tw-pddl
L3-experiment-student-inj-cold,41,look_at_obj,1,30,6,0,0,192.5,/Users/turbineyan/workspace/01-repo/03-agents/Turbo-pi/packages/agent-server/eval/alfworld_data/json_2.1.1/valid_unseen/look_at_obj_in_light-Pencil-None-DeskLamp-308/trial_T20190908_220656_510400/game.tw-pddl
L3-experiment-student-inj-cold,42,pick_two_obj,0,49,46,0,0,359.3,/Users/turbineyan/workspace/01-repo/03-agents/Turbo-pi/packages/agent-server/eval/alfworld_data/json_2.1.1/valid_unseen/pick_two_obj_and_place-KeyChain-None-Safe-219/trial_T20190909_012027_782483/game.tw-pddl
L3-experiment-student-inj-cold,43,pick_two_obj,0,49,36,0,0,190.2,/Users/turbineyan/workspace/01-repo/03-agents/Turbo-pi/packages/agent-server/eval/alfworld_data/json_2.1.1/valid_unseen/pick_two_obj_and_place-PepperShaker-None-Drawer-10/trial_T20190908_010306_215435/game.tw-pddl
L3-experiment-student-inj-cold,44,pick_cool_then_place,0,49,6,0,0,224.1,/Users/turbineyan/workspace/01-repo/03-agents/Turbo-pi/packages/agent-server/eval/alfworld_data/json_2.1.1/valid_unseen/pick_cool_then_place_in_recep-Pan-None-CounterTop-10/trial_T20190908_114545_244903/game.tw-pddl
L3-experiment-student-inj-cold,45,pick_and_place,0,49,43,0,0,196.6,/Users/turbineyan/workspace/01-repo/03-agents/Turbo-pi/packages/agent-server/eval/alfworld_data/json_2.1.1/valid_unseen/pick_and_place_simple-Pencil-None-Shelf-308/trial_T20190908_121952_610012/game.tw-pddl
L3-experiment-student-inj-cold,46,pick_and_place,0,49,28,0,0,162.7,/Users/turbineyan/workspace/01-repo/03-agents/Turbo-pi/packages/agent-server/eval/alfworld_data/json_2.1.1/valid_unseen/pick_and_place_simple-SoapBottle-None-Toilet-424/trial_T20190907_004321_405868/game.tw-pddl
L3-experiment-student-inj-cold,47,pick_two_obj,0,49,23,0,0,236.7,/Users/turbineyan/workspace/01-repo/03-agents/Turbo-pi/packages/agent-server/eval/alfworld_data/json_2.1.1/valid_unseen/pick_two_obj_and_place-PepperShaker-None-Drawer-10/trial_T20190912_221016_460197/game.tw-pddl
L3-experiment-student-inj-cold,48,pick_clean_then_place,0,49,14,0,0,243.0,/Users/turbineyan/workspace/01-repo/03-agents/Turbo-pi/packages/agent-server/eval/alfworld_data/json_2.1.1/valid_unseen/pick_clean_then_place_in_recep-Plate-None-CounterTop-10/trial_T20190908_213533_897289/game.tw-pddl
L3-experiment-student-inj-cold,49,pick_heat_then_place,0,49,21,0,0,272.6,/Users/turbineyan/workspace/01-repo/03-agents/Turbo-pi/packages/agent-server/eval/alfworld_data/json_2.1.1/valid_unseen/pick_heat_then_place_in_recep-Egg-None-GarbageCan-10/trial_T20190908_113523_123938/game.tw-pddl
L3-experiment-student-inj-cold,50,pick_cool_then_place,0,49,25,0,0,219.9,/Users/turbineyan/workspace/01-repo/03-agents/Turbo-pi/packages/agent-server/eval/alfworld_data/json_2.1.1/valid_unseen/pick_cool_then_place_in_recep-Potato-None-Microwave-10/trial_T20190907_033228_194678/game.tw-pddl
L3-experiment-student-inj-cold,51,pick_and_place,0,49,44,0,0,203.4,/Users/turbineyan/workspace/01-repo/03-agents/Turbo-pi/packages/agent-server/eval/alfworld_data/json_2.1.1/valid_unseen/pick_and_place_simple-Mug-None-Desk-308/trial_T20190909_210238_431966/game.tw-pddl
L3-experiment-student-inj-cold,52,pick_heat_then_place,0,49,11,0,0,296.9,/Users/turbineyan/workspace/01-repo/03-agents/Turbo-pi/packages/agent-server/eval/alfworld_data/json_2.1.1/valid_unseen/pick_heat_then_place_in_recep-Potato-None-GarbageCan-10/trial_T20190907_161853_945788/game.tw-pddl
L3-experiment-student-inj-cold,53,pick_two_obj,0,49,17,0,0,272.3,/Users/turbineyan/workspace/01-repo/03-agents/Turbo-pi/packages/agent-server/eval/alfworld_data/json_2.1.1/valid_unseen/pick_two_obj_and_place-SoapBar-None-Cabinet-424/trial_T20190909_081746_857594/game.tw-pddl
L3-experiment-student-inj-cold,54,pick_heat_then_place,0,49,30,0,0,250.7,/Users/turbineyan/workspace/01-repo/03-agents/Turbo-pi/packages/agent-server/eval/alfworld_data/json_2.1.1/valid_unseen/pick_heat_then_place_in_recep-Apple-None-Fridge-10/trial_T20190906_182259_116320/game.tw-pddl
L3-experiment-student-inj-cold,55,pick_two_obj,0,49,46,0,0,584.8,/Users/turbineyan/workspace/01-repo/03-agents/Turbo-pi/packages/agent-server/eval/alfworld_data/json_2.1.1/valid_unseen/pick_two_obj_and_place-Pillow-None-Sofa-219/trial_T20190907_163408_914117/game.tw-pddl
L3-experiment-student-inj-cold,56,pick_clean_then_place,0,49,17,0,0,419.9,/Users/turbineyan/workspace/01-repo/03-agents/Turbo-pi/packages/agent-server/eval/alfworld_data/json_2.1.1/valid_unseen/pick_clean_then_place_in_recep-Mug-None-CoffeeMachine-10/trial_T20190907_221208_560499/game.tw-pddl
L3-experiment-student-inj-cold,57,pick_and_place,0,49,35,0,0,369.3,/Users/turbineyan/workspace/01-repo/03-agents/Turbo-pi/packages/agent-server/eval/alfworld_data/json_2.1.1/valid_unseen/pick_and_place_simple-PepperShaker-None-Drawer-10/trial_T20190918_154326_823501/game.tw-pddl
L3-experiment-student-inj-cold,58,pick_and_place,0,49,46,0,0,367.2,/Users/turbineyan/workspace/01-repo/03-agents/Turbo-pi/packages/agent-server/eval/alfworld_data/json_2.1.1/valid_unseen/pick_and_place_simple-Watch-None-Safe-219/trial_T20190907_074524_006355/game.tw-pddl
L3-experiment-student-inj-cold,59,pick_heat_then_place,0,49,8,0,0,326.2,/Users/turbineyan/workspace/01-repo/03-agents/Turbo-pi/packages/agent-server/eval/alfworld_data/json_2.1.1/valid_unseen/pick_heat_then_place_in_recep-Tomato-None-GarbageCan-10/trial_T20190908_225359_617900/game.tw-pddl
L3-experiment-student-inj-cold,60,look_at_obj,1,36,2,0,0,241.3,/Users/turbineyan/workspace/01-repo/03-agents/Turbo-pi/packages/agent-server/eval/alfworld_data/json_2.1.1/valid_unseen/look_at_obj_in_light-Book-None-DeskLamp-308/trial_T20190908_020048_814402/game.tw-pddl
L3-experiment-student-inj-cold,61,pick_cool_then_place,0,49,6,0,0,226.3,/Users/turbineyan/workspace/01-repo/03-agents/Turbo-pi/packages/agent-server/eval/alfworld_data/json_2.1.1/valid_unseen/pick_cool_then_place_in_recep-Potato-None-Microwave-10/trial_T20190907_033306_962974/game.tw-pddl
L3-experiment-student-inj-cold,62,look_at_obj,0,49,10,0,0,307.7,/Users/turbineyan/workspace/01-repo/03-agents/Turbo-pi/packages/agent-server/eval/alfworld_data/json_2.1.1/valid_unseen/look_at_obj_in_light-CD-None-DeskLamp-308/trial_T20190908_141958_463362/game.tw-pddl
L3-experiment-student-inj-cold,63,pick_heat_then_place,0,49,17,0,0,253.4,/Users/turbineyan/workspace/01-repo/03-agents/Turbo-pi/packages/agent-server/eval/alfworld_data/json_2.1.1/valid_unseen/pick_heat_then_place_in_recep-Mug-None-CoffeeMachine-10/trial_T20190907_171806_406231/game.tw-pddl
L3-experiment-student-inj-cold,64,look_at_obj,1,35,11,0,0,240.8,/Users/turbineyan/workspace/01-repo/03-agents/Turbo-pi/packages/agent-server/eval/alfworld_data/json_2.1.1/valid_unseen/look_at_obj_in_light-Pencil-None-DeskLamp-308/trial_T20190908_220545_153480/game.tw-pddl
L3-experiment-student-inj-cold,65,pick_clean_then_place,0,49,12,0,0,227.7,/Users/turbineyan/workspace/01-repo/03-agents/Turbo-pi/packages/agent-server/eval/alfworld_data/json_2.1.1/valid_unseen/pick_clean_then_place_in_recep-SoapBar-None-Cabinet-424/trial_T20190908_215019_162873/game.tw-pddl
L3-experiment-student-inj-cold,66,pick_heat_then_place,0,49,8,0,0,268.5,/Users/turbineyan/workspace/01-repo/03-agents/Turbo-pi/packages/agent-server/eval/alfworld_data/json_2.1.1/valid_unseen/pick_heat_then_place_in_recep-Apple-None-Fridge-10/trial_T20190906_182435_622538/game.tw-pddl
L3-experiment-student-inj-cold,67,look_at_obj,0,49,9,0,0,219.2,/Users/turbineyan/workspace/01-repo/03-agents/Turbo-pi/packages/agent-server/eval/alfworld_data/json_2.1.1/valid_unseen/look_at_obj_in_light-Book-None-DeskLamp-308/trial_T20190908_144951_587345/game.tw-pddl
L3-experiment-student-inj-cold,68,pick_heat_then_place,0,49,18,0,0,265.1,/Users/turbineyan/workspace/01-repo/03-agents/Turbo-pi/packages/agent-server/eval/alfworld_data/json_2.1.1/valid_unseen/pick_heat_then_place_in_recep-Mug-None-Cabinet-10/trial_T20190909_021200_669381/game.tw-pddl
L3-experiment-student-inj-cold,69,look_at_obj,0,49,33,0,0,281.3,/Users/turbineyan/workspace/01-repo/03-agents/Turbo-pi/packages/agent-server/eval/alfworld_data/json_2.1.1/valid_unseen/look_at_obj_in_light-Bowl-None-DeskLamp-308/trial_T20190907_133935_066606/game.tw-pddl
L3-experiment-student-inj-cold,70,pick_two_obj,0,49,24,0,0,279.3,/Users/turbineyan/workspace/01-repo/03-agents/Turbo-pi/packages/agent-server/eval/alfworld_data/json_2.1.1/valid_unseen/pick_two_obj_and_place-Pillow-None-Sofa-219/trial_T20190907_163240_345855/game.tw-pddl
L3-experiment-student-inj-cold,71,pick_heat_then_place,0,49,15,0,0,277.6,/Users/turbineyan/workspace/01-repo/03-agents/Turbo-pi/packages/agent-server/eval/alfworld_data/json_2.1.1/valid_unseen/pick_heat_then_place_in_recep-Mug-None-CoffeeMachine-10/trial_T20190907_171850_960211/game.tw-pddl
L3-experiment-student-inj-cold,72,pick_cool_then_place,0,49,6,0,0,200.0,/Users/turbineyan/workspace/01-repo/03-agents/Turbo-pi/packages/agent-server/eval/alfworld_data/json_2.1.1/valid_unseen/pick_cool_then_place_in_recep-Tomato-None-Microwave-10/trial_T20190909_102608_318800/game.tw-pddl
L3-experiment-student-inj-cold,73,pick_and_place,0,49,16,0,0,217.4,/Users/turbineyan/workspace/01-repo/03-agents/Turbo-pi/packages/agent-server/eval/alfworld_data/json_2.1.1/valid_unseen/pick_and_place_simple-Mug-None-Desk-308/trial_T20190908_125200_737896/game.tw-pddl
L3-experiment-student-inj-cold,74,pick_clean_then_place,0,49,8,0,0,249.2,/Users/turbineyan/workspace/01-repo/03-agents/Turbo-pi/packages/agent-server/eval/alfworld_data/json_2.1.1/valid_unseen/pick_clean_then_place_in_recep-Egg-None-Microwave-10/trial_T20190909_120554_888709/game.tw-pddl
L3-experiment-student-inj-cold,75,pick_heat_then_place,0,49,15,0,0,302.6,/Users/turbineyan/workspace/01-repo/03-agents/Turbo-pi/packages/agent-server/eval/alfworld_data/json_2.1.1/valid_unseen/pick_heat_then_place_in_recep-Tomato-None-GarbageCan-10/trial_T20190908_225046_020282/game.tw-pddl
L3-experiment-student-inj-cold,76,pick_clean_then_place,0,49,23,0,0,386.9,/Users/turbineyan/workspace/01-repo/03-agents/Turbo-pi/packages/agent-server/eval/alfworld_data/json_2.1.1/valid_unseen/pick_clean_then_place_in_recep-Bowl-None-Cabinet-10/trial_T20190909_061232_368489/game.tw-pddl
L3-experiment-student-inj-cold,77,pick_cool_then_place,0,49,9,0,0,234.1,/Users/turbineyan/workspace/01-repo/03-agents/Turbo-pi/packages/agent-server/eval/alfworld_data/json_2.1.1/valid_unseen/pick_cool_then_place_in_recep-Mug-None-Cabinet-10/trial_T20190909_121559_082363/game.tw-pddl
L3-experiment-student-inj-cold,78,pick_clean_then_place,0,49,11,0,0,221.8,/Users/turbineyan/workspace/01-repo/03-agents/Turbo-pi/packages/agent-server/eval/alfworld_data/json_2.1.1/valid_unseen/pick_clean_then_place_in_recep-Spatula-None-Drawer-10/trial_T20190907_080730_211959/game.tw-pddl
L3-experiment-student-inj-cold,79,pick_clean_then_place,0,49,25,0,0,278.0,/Users/turbineyan/workspace/01-repo/03-agents/Turbo-pi/packages/agent-server/eval/alfworld_data/json_2.1.1/valid_unseen/pick_clean_then_place_in_recep-Mug-None-CoffeeMachine-10/trial_T20190907_221300_362511/game.tw-pddl
L3-experiment-student-inj-cold,80,pick_clean_then_place,0,49,23,0,0,235.3,/Users/turbineyan/workspace/01-repo/03-agents/Turbo-pi/packages/agent-server/eval/alfworld_data/json_2.1.1/valid_unseen/pick_clean_then_place_in_recep-Spatula-None-Drawer-10/trial_T20190907_080825_222432/game.tw-pddl
L3-experiment-student-inj-cold,81,pick_and_place,0,49,41,0,0,238.8,/Users/turbineyan/workspace/01-repo/03-agents/Turbo-pi/packages/agent-server/eval/alfworld_data/json_2.1.1/valid_unseen/pick_and_place_simple-Watch-None-Safe-219/trial_T20190907_074643_810052/game.tw-pddl
L3-experiment-student-inj-cold,82,look_at_obj,1,32,5,0,0,337.0,/Users/turbineyan/workspace/01-repo/03-agents/Turbo-pi/packages/agent-server/eval/alfworld_data/json_2.1.1/valid_unseen/look_at_obj_in_light-Pencil-None-DeskLamp-308/trial_T20190908_220604_010430/game.tw-pddl
L3-experiment-student-inj-cold,83,pick_clean_then_place,0,49,8,0,0,252.1,/Users/turbineyan/workspace/01-repo/03-agents/Turbo-pi/packages/agent-server/eval/alfworld_data/json_2.1.1/valid_unseen/pick_clean_then_place_in_recep-Cloth-None-Cabinet-424/trial_T20190908_022321_380927/game.tw-pddl
L3-experiment-student-inj-cold,84,pick_and_place,0,49,19,0,0,201.3,/Users/turbineyan/workspace/01-repo/03-agents/Turbo-pi/packages/agent-server/eval/alfworld_data/json_2.1.1/valid_unseen/pick_and_place_simple-SaltShaker-None-Drawer-10/trial_T20190909_021650_880235/game.tw-pddl
L3-experiment-student-inj-cold,85,pick_two_obj,0,49,43,0,0,311.2,/Users/turbineyan/workspace/01-repo/03-agents/Turbo-pi/packages/agent-server/eval/alfworld_data/json_2.1.1/valid_unseen/pick_two_obj_and_place-CD-None-Safe-308/trial_T20190907_050942_897916/game.tw-pddl
L3-experiment-student-inj-cold,86,pick_heat_then_place,0,49,5,0,0,275.0,/Users/turbineyan/workspace/01-repo/03-agents/Turbo-pi/packages/agent-server/eval/alfworld_data/json_2.1.1/valid_unseen/pick_heat_then_place_in_recep-Apple-None-GarbageCan-10/trial_T20190908_145143_820541/game.tw-pddl
L3-experiment-student-inj-cold,87,look_at_obj,0,49,6,0,0,281.1,/Users/turbineyan/workspace/01-repo/03-agents/Turbo-pi/packages/agent-server/eval/alfworld_data/json_2.1.1/valid_unseen/look_at_obj_in_light-Mug-None-DeskLamp-308/trial_T20190908_201421_021646/game.tw-pddl
L3-experiment-student-inj-cold,88,pick_cool_then_place,0,49,8,0,0,228.4,/Users/turbineyan/workspace/01-repo/03-agents/Turbo-pi/packages/agent-server/eval/alfworld_data/json_2.1.1/valid_unseen/pick_cool_then_place_in_recep-Pan-None-CounterTop-10/trial_T20190908_114656_768805/game.tw-pddl
L3-experiment-student-inj-cold,89,pick_heat_then_place,0,49,9,0,0,297.4,/Users/turbineyan/workspace/01-repo/03-agents/Turbo-pi/packages/agent-server/eval/alfworld_data/json_2.1.1/valid_unseen/pick_heat_then_place_in_recep-Apple-None-Fridge-10/trial_T20190906_182353_418140/game.tw-pddl
L3-experiment-student-inj-cold,90,pick_and_place,0,49,30,0,0,160.8,/Users/turbineyan/workspace/01-repo/03-agents/Turbo-pi/packages/agent-server/eval/alfworld_data/json_2.1.1/valid_unseen/pick_and_place_simple-SaltShaker-None-Cabinet-10/trial_T20190906_191445_723170/game.tw-pddl
L3-experiment-student-inj-cold,91,pick_clean_then_place,0,49,15,0,0,238.2,/Users/turbineyan/workspace/01-repo/03-agents/Turbo-pi/packages/agent-server/eval/alfworld_data/json_2.1.1/valid_unseen/pick_clean_then_place_in_recep-Cloth-None-Cabinet-424/trial_T20190908_022436_073995/game.tw-pddl
L3-experiment-student-inj-cold,92,pick_clean_then_place,0,49,9,0,0,237.5,/Users/turbineyan/workspace/01-repo/03-agents/Turbo-pi/packages/agent-server/eval/alfworld_data/json_2.1.1/valid_unseen/pick_clean_then_place_in_recep-Pan-None-CounterTop-10/trial_T20190908_032543_712058/game.tw-pddl
L3-experiment-student-inj-cold,93,pick_clean_then_place,0,49,6,0,0,329.7,/Users/turbineyan/workspace/01-repo/03-agents/Turbo-pi/packages/agent-server/eval/alfworld_data/json_2.1.1/valid_unseen/pick_clean_then_place_in_recep-Spatula-None-Drawer-10/trial_T20190907_080800_275989/game.tw-pddl
L3-experiment-student-inj-cold,94,look_at_obj,1,30,6,0,0,239.3,/Users/turbineyan/workspace/01-repo/03-agents/Turbo-pi/packages/agent-server/eval/alfworld_data/json_2.1.1/valid_unseen/look_at_obj_in_light-Mug-None-DeskLamp-308/trial_T20190908_201444_037645/game.tw-pddl
L3-experiment-student-inj-cold,95,pick_cool_then_place,0,49,8,0,0,279.3,/Users/turbineyan/workspace/01-repo/03-agents/Turbo-pi/packages/agent-server/eval/alfworld_data/json_2.1.1/valid_unseen/pick_cool_then_place_in_recep-Mug-None-Cabinet-10/trial_T20190909_121710_650938/game.tw-pddl
L3-experiment-student-inj-cold,96,pick_heat_then_place,0,49,21,0,0,263.5,/Users/turbineyan/workspace/01-repo/03-agents/Turbo-pi/packages/agent-server/eval/alfworld_data/json_2.1.1/valid_unseen/pick_heat_then_place_in_recep-Mug-None-Cabinet-10/trial_T20190909_021100_341887/game.tw-pddl
L3-experiment-student-inj-cold,97,pick_clean_then_place,0,49,10,0,0,262.9,/Users/turbineyan/workspace/01-repo/03-agents/Turbo-pi/packages/agent-server/eval/alfworld_data/json_2.1.1/valid_unseen/pick_clean_then_place_in_recep-SoapBar-None-Cabinet-424/trial_T20190908_214946_567644/game.tw-pddl
L3-experiment-student-inj-cold,98,look_at_obj,1,10,1,0,0,89.1,/Users/turbineyan/workspace/01-repo/03-agents/Turbo-pi/packages/agent-server/eval/alfworld_data/json_2.1.1/valid_unseen/look_at_obj_in_light-Mug-None-DeskLamp-308/trial_T20190908_161733_213242/game.tw-pddl
L3-experiment-student-inj-cold,99,pick_and_place,0,49,17,0,0,208.0,/Users/turbineyan/workspace/01-repo/03-agents/Turbo-pi/packages/agent-server/eval/alfworld_data/json_2.1.1/valid_unseen/pick_and_place_simple-Mug-None-Desk-308/trial_T20190909_203041_433487/game.tw-pddl
L3-experiment-student-inj-cold,100,look_at_obj,0,49,5,0,0,239.7,/Users/turbineyan/workspace/01-repo/03-agents/Turbo-pi/packages/agent-server/eval/alfworld_data/json_2.1.1/valid_unseen/look_at_obj_in_light-AlarmClock-None-DeskLamp-308/trial_T20190908_222951_616606/game.tw-pddl
L3-experiment-student-inj-cold,101,look_at_obj,0,49,4,0,0,247.0,/Users/turbineyan/workspace/01-repo/03-agents/Turbo-pi/packages/agent-server/eval/alfworld_data/json_2.1.1/valid_unseen/look_at_obj_in_light-Book-None-DeskLamp-308/trial_T20190908_020029_636862/game.tw-pddl
L3-experiment-student-inj-cold,102,pick_two_obj,0,49,14,0,0,257.0,/Users/turbineyan/workspace/01-repo/03-agents/Turbo-pi/packages/agent-server/eval/alfworld_data/json_2.1.1/valid_unseen/pick_two_obj_and_place-SoapBar-None-GarbageCan-424/trial_T20190909_064053_839817/game.tw-pddl
L3-experiment-student-inj-cold,103,pick_cool_then_place,0,49,10,0,0,240.4,/Users/turbineyan/workspace/01-repo/03-agents/Turbo-pi/packages/agent-server/eval/alfworld_data/json_2.1.1/valid_unseen/pick_cool_then_place_in_recep-Bread-None-CounterTop-10/trial_T20190908_091835_825830/game.tw-pddl
L3-experiment-student-inj-cold,104,look_at_obj,0,49,26,0,0,254.5,/Users/turbineyan/workspace/01-repo/03-agents/Turbo-pi/packages/agent-server/eval/alfworld_data/json_2.1.1/valid_unseen/look_at_obj_in_light-AlarmClock-None-DeskLamp-308/trial_T20190908_222917_366542/game.tw-pddl
L3-experiment-student-inj-cold,105,look_at_obj,0,49,9,0,0,290.5,/Users/turbineyan/workspace/01-repo/03-agents/Turbo-pi/packages/agent-server/eval/alfworld_data/json_2.1.1/valid_unseen/look_at_obj_in_light-CD-None-DeskLamp-308/trial_T20190908_142046_281296/game.tw-pddl
L3-experiment-student-inj-cold,106,pick_heat_then_place,0,49,4,0,0,257.4,/Users/turbineyan/workspace/01-repo/03-agents/Turbo-pi/packages/agent-server/eval/alfworld_data/json_2.1.1/valid_unseen/pick_heat_then_place_in_recep-Egg-None-GarbageCan-10/trial_T20190908_113432_673307/game.tw-pddl
L3-experiment-student-inj-cold,107,pick_clean_then_place,0,49,10,0,0,258.2,/Users/turbineyan/workspace/01-repo/03-agents/Turbo-pi/packages/agent-server/eval/alfworld_data/json_2.1.1/valid_unseen/pick_clean_then_place_in_recep-SoapBar-None-CounterTop-424/trial_T20190907_074045_109439/game.tw-pddl
L3-experiment-student-inj-cold,108,pick_two_obj,0,49,12,0,0,262.5,/Users/turbineyan/workspace/01-repo/03-agents/Turbo-pi/packages/agent-server/eval/alfworld_data/json_2.1.1/valid_unseen/pick_two_obj_and_place-SoapBar-None-GarbageCan-424/trial_T20190909_064309_357168/game.tw-pddl
L3-experiment-student-inj-cold,109,pick_and_place,0,49,18,0,0,187.3,/Users/turbineyan/workspace/01-repo/03-agents/Turbo-pi/packages/agent-server/eval/alfworld_data/json_2.1.1/valid_unseen/pick_and_place_simple-SoapBottle-None-Toilet-424/trial_T20190907_004351_281384/game.tw-pddl
L3-experiment-student-inj-cold,110,pick_and_place,0,49,30,0,0,181.5,/Users/turbineyan/workspace/01-repo/03-agents/Turbo-pi/packages/agent-server/eval/alfworld_data/json_2.1.1/valid_unseen/pick_and_place_simple-Vase-None-Safe-219/trial_T20190908_205221_748352/game.tw-pddl
L3-experiment-student-inj-cold,111,pick_cool_then_place,0,49,12,0,0,227.2,/Users/turbineyan/workspace/01-repo/03-agents/Turbo-pi/packages/agent-server/eval/alfworld_data/json_2.1.1/valid_unseen/pick_cool_then_place_in_recep-Lettuce-None-CounterTop-10/trial_T20190909_123133_763972/game.tw-pddl
L3-experiment-student-inj-cold,112,pick_two_obj,0,49,38,0,0,230.7,/Users/turbineyan/workspace/01-repo/03-agents/Turbo-pi/packages/agent-server/eval/alfworld_data/json_2.1.1/valid_unseen/pick_two_obj_and_place-CD-None-Safe-308/trial_T20190907_051056_585414/game.tw-pddl
L3-experiment-student-inj-cold,113,pick_clean_then_place,0,49,7,0,0,318.9,/Users/turbineyan/workspace/01-repo/03-agents/Turbo-pi/packages/agent-server/eval/alfworld_data/json_2.1.1/valid_unseen/pick_clean_then_place_in_recep-Egg-None-Microwave-10/trial_T20190909_120632_691361/game.tw-pddl
L3-experiment-student-inj-cold,114,pick_two_obj,0,49,23,0,0,273.5,/Users/turbineyan/workspace/01-repo/03-agents/Turbo-pi/packages/agent-server/eval/alfworld_data/json_2.1.1/valid_unseen/pick_two_obj_and_place-ToiletPaper-None-Cabinet-424/trial_T20190906_202926_527010/game.tw-pddl
L3-experiment-student-inj-cold,115,pick_cool_then_place,0,49,10,0,0,234.4,/Users/turbineyan/workspace/01-repo/03-agents/Turbo-pi/packages/agent-server/eval/alfworld_data/json_2.1.1/valid_unseen/pick_cool_then_place_in_recep-Bread-None-CounterTop-10/trial_T20190908_091747_866951/game.tw-pddl
L3-experiment-student-inj-cold,116,pick_cool_then_place,0,49,16,0,0,229.4,/Users/turbineyan/workspace/01-repo/03-agents/Turbo-pi/packages/agent-server/eval/alfworld_data/json_2.1.1/valid_unseen/pick_cool_then_place_in_recep-Mug-None-Cabinet-10/trial_T20190909_121635_622676/game.tw-pddl
L3-experiment-student-inj-cold,117,pick_clean_then_place,0,49,20,0,0,251.7,/Users/turbineyan/workspace/01-repo/03-agents/Turbo-pi/packages/agent-server/eval/alfworld_data/json_2.1.1/valid_unseen/pick_clean_then_place_in_recep-SoapBar-None-CounterTop-424/trial_T20190907_074124_966890/game.tw-pddl
L3-experiment-student-inj-cold,118,pick_cool_then_place,0,49,15,0,0,231.9,/Users/turbineyan/workspace/01-repo/03-agents/Turbo-pi/packages/agent-server/eval/alfworld_data/json_2.1.1/valid_unseen/pick_cool_then_place_in_recep-Tomato-None-Microwave-10/trial_T20190909_102644_926781/game.tw-pddl
L3-experiment-student-inj-cold,119,pick_heat_then_place,0,49,8,0,0,279.5,/Users/turbineyan/workspace/01-repo/03-agents/Turbo-pi/packages/agent-server/eval/alfworld_data/json_2.1.1/valid_unseen/pick_heat_then_place_in_recep-Potato-None-GarbageCan-10/trial_T20190907_161745_664033/game.tw-pddl
L3-experiment-student-inj-cold,120,pick_two_obj,0,49,21,0,0,275.4,/Users/turbineyan/workspace/01-repo/03-agents/Turbo-pi/packages/agent-server/eval/alfworld_data/json_2.1.1/valid_unseen/pick_two_obj_and_place-KeyChain-None-Safe-219/trial_T20190909_011803_423115/game.tw-pddl
L3-experiment-student-inj-cold,121,pick_clean_then_place,0,49,9,0,0,231.8,/Users/turbineyan/workspace/01-repo/03-agents/Turbo-pi/packages/agent-server/eval/alfworld_data/json_2.1.1/valid_unseen/pick_clean_then_place_in_recep-Pan-None-CounterTop-10/trial_T20190908_032434_013084/game.tw-pddl
L3-experiment-student-inj-cold,122,pick_two_obj,0,49,40,0,0,343.4,/Users/turbineyan/workspace/01-repo/03-agents/Turbo-pi/packages/agent-server/eval/alfworld_data/json_2.1.1/valid_unseen/pick_two_obj_and_place-CD-None-Safe-308/trial_T20190907_051013_060265/game.tw-pddl
L3-experiment-student-inj-cold,123,pick_and_place,0,49,19,0,0,215.9,/Users/turbineyan/workspace/01-repo/03-agents/Turbo-pi/packages/agent-server/eval/alfworld_data/json_2.1.1/valid_unseen/pick_and_place_simple-PepperShaker-None-Drawer-10/trial_T20190918_154424_844749/game.tw-pddl
L3-experiment-student-inj-cold,124,pick_two_obj,0,49,25,0,0,291.7,/Users/turbineyan/workspace/01-repo/03-agents/Turbo-pi/packages/agent-server/eval/alfworld_data/json_2.1.1/valid_unseen/pick_two_obj_and_place-PepperShaker-None-Drawer-10/trial_T20190912_221141_608117/game.tw-pddl
L3-experiment-student-inj-cold,125,pick_heat_then_place,0,49,21,0,0,261.9,/Users/turbineyan/workspace/01-repo/03-agents/Turbo-pi/packages/agent-server/eval/alfworld_data/json_2.1.1/valid_unseen/pick_heat_then_place_in_recep-Mug-None-Cabinet-10/trial_T20190909_021247_306737/game.tw-pddl
L3-experiment-student-inj-cold,126,pick_two_obj,0,49,26,0,0,266.5,/Users/turbineyan/workspace/01-repo/03-agents/Turbo-pi/packages/agent-server/eval/alfworld_data/json_2.1.1/valid_unseen/pick_two_obj_and_place-SoapBar-None-Cabinet-424/trial_T20190909_081720_491733/game.tw-pddl
L3-experiment-student-inj-cold,127,pick_clean_then_place,0,49,32,0,0,204.5,/Users/turbineyan/workspace/01-repo/03-agents/Turbo-pi/packages/agent-server/eval/alfworld_data/json_2.1.1/valid_unseen/pick_clean_then_place_in_recep-Bowl-None-Cabinet-10/trial_T20190909_061158_110530/game.tw-pddl
L3-experiment-student-inj-cold,128,pick_and_place,0,49,20,0,0,318.8,/Users/turbineyan/workspace/01-repo/03-agents/Turbo-pi/packages/agent-server/eval/alfworld_data/json_2.1.1/valid_unseen/pick_and_place_simple-SaltShaker-None-Drawer-10/trial_T20190909_021613_077537/game.tw-pddl
L3-experiment-student-inj-cold,129,pick_and_place,0,49,9,0,0,307.8,/Users/turbineyan/workspace/01-repo/03-agents/Turbo-pi/packages/agent-server/eval/alfworld_data/json_2.1.1/valid_unseen/pick_and_place_simple-Pencil-None-Shelf-308/trial_T20190908_122154_042763/game.tw-pddl
L3-experiment-student-inj-cold,130,pick_heat_then_place,0,49,9,0,0,278.4,/Users/turbineyan/workspace/01-repo/03-agents/Turbo-pi/packages/agent-server/eval/alfworld_data/json_2.1.1/valid_unseen/pick_heat_then_place_in_recep-Tomato-None-GarbageCan-10/trial_T20190908_225453_272533/game.tw-pddl
L3-experiment-student-inj-cold,131,pick_clean_then_place,0,49,30,0,0,218.3,/Users/turbineyan/workspace/01-repo/03-agents/Turbo-pi/packages/agent-server/eval/alfworld_data/json_2.1.1/valid_unseen/pick_clean_then_place_in_recep-Knife-None-CounterTop-10/trial_T20190909_110445_675754/game.tw-pddl
L3-experiment-student-inj-cold,132,pick_and_place,0,49,25,0,0,307.5,/Users/turbineyan/workspace/01-repo/03-agents/Turbo-pi/packages/agent-server/eval/alfworld_data/json_2.1.1/valid_unseen/pick_and_place_simple-Vase-None-Safe-219/trial_T20190908_205246_776817/game.tw-pddl
L3-experiment-student-inj-cold,133,pick_clean_then_place,0,49,5,0,0,275.4,/Users/turbineyan/workspace/01-repo/03-agents/Turbo-pi/packages/agent-server/eval/alfworld_data/json_2.1.1/valid_unseen/pick_clean_then_place_in_recep-Cloth-None-CounterTop-424/trial_T20190908_100632_546757/game.tw-pddl
R2-experiment-student-inj-warm,0,look_at_obj,0,49,1,0,0,363.2,/Users/turbineyan/workspace/01-repo/03-agents/Turbo-pi/packages/agent-server/eval/alfworld_data/json_2.1.1/valid_unseen/look_at_obj_in_light-Bowl-None-DeskLamp-308/trial_T20190907_133919_856963/game.tw-pddl
R2-experiment-student-inj-warm,1,pick_two_obj,0,49,9,0,0,260.2,/Users/turbineyan/workspace/01-repo/03-agents/Turbo-pi/packages/agent-server/eval/alfworld_data/json_2.1.1/valid_unseen/pick_two_obj_and_place-SoapBar-None-GarbageCan-424/trial_T20190909_064221_368939/game.tw-pddl
R2-experiment-student-inj-warm,2,pick_cool_then_place,0,49,5,0,0,329.4,/Users/turbineyan/workspace/01-repo/03-agents/Turbo-pi/packages/agent-server/eval/alfworld_data/json_2.1.1/valid_unseen/pick_cool_then_place_in_recep-Tomato-None-Microwave-10/trial_T20190909_102710_795182/game.tw-pddl
R2-experiment-student-inj-warm,3,pick_clean_then_place,0,49,19,0,0,399.6,/Users/turbineyan/workspace/01-repo/03-agents/Turbo-pi/packages/agent-server/eval/alfworld_data/json_2.1.1/valid_unseen/pick_clean_then_place_in_recep-Plate-None-CounterTop-10/trial_T20190908_213420_728917/game.tw-pddl
R2-experiment-student-inj-warm,4,pick_clean_then_place,0,49,9,0,0,301.2,/Users/turbineyan/workspace/01-repo/03-agents/Turbo-pi/packages/agent-server/eval/alfworld_data/json_2.1.1/valid_unseen/pick_clean_then_place_in_recep-SoapBar-None-CounterTop-424/trial_T20190907_074106_050405/game.tw-pddl
R2-experiment-student-inj-warm,5,pick_cool_then_place,0,49,6,0,0,439.7,/Users/turbineyan/workspace/01-repo/03-agents/Turbo-pi/packages/agent-server/eval/alfworld_data/json_2.1.1/valid_unseen/pick_cool_then_place_in_recep-Lettuce-None-CounterTop-10/trial_T20190909_174840_771703/game.tw-pddl
R2-experiment-student-inj-warm,6,pick_clean_then_place,0,49,7,0,0,368.2,/Users/turbineyan/workspace/01-repo/03-agents/Turbo-pi/packages/agent-server/eval/alfworld_data/json_2.1.1/valid_unseen/pick_clean_then_place_in_recep-Pan-None-CounterTop-10/trial_T20190908_032518_891433/game.tw-pddl
R2-experiment-student-inj-warm,7,pick_clean_then_place,0,49,21,0,0,257.7,/Users/turbineyan/workspace/01-repo/03-agents/Turbo-pi/packages/agent-server/eval/alfworld_data/json_2.1.1/valid_unseen/pick_clean_then_place_in_recep-Plate-None-CounterTop-10/trial_T20190908_213356_017769/game.tw-pddl
R2-experiment-student-inj-warm,8,pick_heat_then_place,0,49,7,0,0,349.0,/Users/turbineyan/workspace/01-repo/03-agents/Turbo-pi/packages/agent-server/eval/alfworld_data/json_2.1.1/valid_unseen/pick_heat_then_place_in_recep-Mug-None-CoffeeMachine-10/trial_T20190907_171933_349922/game.tw-pddl
R2-experiment-student-inj-warm,9,pick_and_place,0,49,7,0,0,299.0,/Users/turbineyan/workspace/01-repo/03-agents/Turbo-pi/packages/agent-server/eval/alfworld_data/json_2.1.1/valid_unseen/pick_and_place_simple-SaltShaker-None-Drawer-10/trial_T20190909_021728_339782/game.tw-pddl
R2-experiment-student-inj-warm,10,pick_clean_then_place,0,49,24,0,0,284.4,/Users/turbineyan/workspace/01-repo/03-agents/Turbo-pi/packages/agent-server/eval/alfworld_data/json_2.1.1/valid_unseen/pick_clean_then_place_in_recep-Bowl-None-Cabinet-10/trial_T20190909_061130_844814/game.tw-pddl
R2-experiment-student-inj-warm,11,pick_and_place,0,49,28,0,0,234.2,/Users/turbineyan/workspace/01-repo/03-agents/Turbo-pi/packages/agent-server/eval/alfworld_data/json_2.1.1/valid_unseen/pick_and_place_simple-Vase-None-Safe-219/trial_T20190908_205204_244321/game.tw-pddl
R2-experiment-student-inj-warm,12,pick_cool_then_place,0,49,10,0,0,354.6,/Users/turbineyan/workspace/01-repo/03-agents/Turbo-pi/packages/agent-server/eval/alfworld_data/json_2.1.1/valid_unseen/pick_cool_then_place_in_recep-Potato-None-Microwave-10/trial_T20190907_033157_424297/game.tw-pddl
R2-experiment-student-inj-warm,13,pick_cool_then_place,0,49,5,0,0,268.3,/Users/turbineyan/workspace/01-repo/03-agents/Turbo-pi/packages/agent-server/eval/alfworld_data/json_2.1.1/valid_unseen/pick_cool_then_place_in_recep-Mug-None-CoffeeMachine-10/trial_T20190907_183715_299073/game.tw-pddl
R2-experiment-student-inj-warm,14,pick_heat_then_place,0,49,6,0,0,269.2,/Users/turbineyan/workspace/01-repo/03-agents/Turbo-pi/packages/agent-server/eval/alfworld_data/json_2.1.1/valid_unseen/pick_heat_then_place_in_recep-Egg-None-GarbageCan-10/trial_T20190908_113610_425142/game.tw-pddl
R2-experiment-student-inj-warm,15,pick_cool_then_place,1,5,0,0,0,27.8,/Users/turbineyan/workspace/01-repo/03-agents/Turbo-pi/packages/agent-server/eval/alfworld_data/json_2.1.1/valid_unseen/pick_cool_then_place_in_recep-Mug-None-CoffeeMachine-10/trial_T20190907_183853_958104/game.tw-pddl
R2-experiment-student-inj-warm,16,pick_heat_then_place,0,49,11,0,0,365.6,/Users/turbineyan/workspace/01-repo/03-agents/Turbo-pi/packages/agent-server/eval/alfworld_data/json_2.1.1/valid_unseen/pick_heat_then_place_in_recep-Cup-None-Cabinet-10/trial_T20190907_083346_800823/game.tw-pddl
R2-experiment-student-inj-warm,17,pick_clean_then_place,0,49,19,0,0,284.3,/Users/turbineyan/workspace/01-repo/03-agents/Turbo-pi/packages/agent-server/eval/alfworld_data/json_2.1.1/valid_unseen/pick_clean_then_place_in_recep-Mug-None-CoffeeMachine-10/trial_T20190907_221355_558505/game.tw-pddl
R2-experiment-student-inj-warm,18,pick_clean_then_place,0,49,10,0,0,277.8,/Users/turbineyan/workspace/01-repo/03-agents/Turbo-pi/packages/agent-server/eval/alfworld_data/json_2.1.1/valid_unseen/pick_clean_then_place_in_recep-SoapBar-None-Cabinet-424/trial_T20190908_214926_337906/game.tw-pddl
R2-experiment-student-inj-warm,19,pick_heat_then_place,0,49,12,0,0,257.0,/Users/turbineyan/workspace/01-repo/03-agents/Turbo-pi/packages/agent-server/eval/alfworld_data/json_2.1.1/valid_unseen/pick_heat_then_place_in_recep-Cup-None-Cabinet-10/trial_T20190907_083507_594820/game.tw-pddl
R2-experiment-student-inj-warm,20,pick_clean_then_place,0,49,3,0,0,246.1,/Users/turbineyan/workspace/01-repo/03-agents/Turbo-pi/packages/agent-server/eval/alfworld_data/json_2.1.1/valid_unseen/pick_clean_then_place_in_recep-Knife-None-CounterTop-10/trial_T20190909_110347_624008/game.tw-pddl
R2-experiment-student-inj-warm,21,pick_clean_then_place,0,49,5,0,0,254.2,/Users/turbineyan/workspace/01-repo/03-agents/Turbo-pi/packages/agent-server/eval/alfworld_data/json_2.1.1/valid_unseen/pick_clean_then_place_in_recep-Cloth-None-CounterTop-424/trial_T20190908_114340_674467/game.tw-pddl
R2-experiment-student-inj-warm,22,look_at_obj,0,49,3,0,0,289.4,/Users/turbineyan/workspace/01-repo/03-agents/Turbo-pi/packages/agent-server/eval/alfworld_data/json_2.1.1/valid_unseen/look_at_obj_in_light-Bowl-None-DeskLamp-308/trial_T20190907_133953_562557/game.tw-pddl
R2-experiment-student-inj-warm,23,pick_clean_then_place,0,49,8,0,0,286.7,/Users/turbineyan/workspace/01-repo/03-agents/Turbo-pi/packages/agent-server/eval/alfworld_data/json_2.1.1/valid_unseen/pick_clean_then_place_in_recep-Egg-None-Microwave-10/trial_T20190909_120712_273910/game.tw-pddl
R2-experiment-student-inj-warm,24,pick_and_place,0,49,19,0,0,317.2,/Users/turbineyan/workspace/01-repo/03-agents/Turbo-pi/packages/agent-server/eval/alfworld_data/json_2.1.1/valid_unseen/pick_and_place_simple-PepperShaker-None-Drawer-10/trial_T20190906_184021_215264/game.tw-pddl
R2-experiment-student-inj-warm,25,pick_and_place,0,49,8,0,0,270.2,/Users/turbineyan/workspace/01-repo/03-agents/Turbo-pi/packages/agent-server/eval/alfworld_data/json_2.1.1/valid_unseen/pick_and_place_simple-Pencil-None-Shelf-308/trial_T20190908_122024_052056/game.tw-pddl
R2-experiment-student-inj-warm,26,pick_and_place,0,49,18,0,0,294.9,/Users/turbineyan/workspace/01-repo/03-agents/Turbo-pi/packages/agent-server/eval/alfworld_data/json_2.1.1/valid_unseen/pick_and_place_simple-SoapBottle-None-Toilet-424/trial_T20190907_004404_604165/game.tw-pddl
R2-experiment-student-inj-warm,27,pick_and_place,0,49,18,0,0,242.9,/Users/turbineyan/workspace/01-repo/03-agents/Turbo-pi/packages/agent-server/eval/alfworld_data/json_2.1.1/valid_unseen/pick_and_place_simple-SaltShaker-None-Cabinet-10/trial_T20190906_191501_563086/game.tw-pddl
R2-experiment-student-inj-warm,28,pick_and_place,0,49,15,0,0,246.6,/Users/turbineyan/workspace/01-repo/03-agents/Turbo-pi/packages/agent-server/eval/alfworld_data/json_2.1.1/valid_unseen/pick_and_place_simple-SaltShaker-None-Cabinet-10/trial_T20190906_191429_743650/game.tw-pddl
R2-experiment-student-inj-warm,29,pick_cool_then_place,0,49,17,0,0,403.7,/Users/turbineyan/workspace/01-repo/03-agents/Turbo-pi/packages/agent-server/eval/alfworld_data/json_2.1.1/valid_unseen/pick_cool_then_place_in_recep-Lettuce-None-CounterTop-10/trial_T20190909_174807_646433/game.tw-pddl
R2-experiment-student-inj-warm,30,pick_and_place,0,49,25,0,0,300.9,/Users/turbineyan/workspace/01-repo/03-agents/Turbo-pi/packages/agent-server/eval/alfworld_data/json_2.1.1/valid_unseen/pick_and_place_simple-Watch-None-Safe-219/trial_T20190907_074556_124850/game.tw-pddl
R2-experiment-student-inj-warm,31,pick_heat_then_place,0,49,27,0,0,269.4,/Users/turbineyan/workspace/01-repo/03-agents/Turbo-pi/packages/agent-server/eval/alfworld_data/json_2.1.1/valid_unseen/pick_heat_then_place_in_recep-Apple-None-GarbageCan-10/trial_T20190908_145050_918567/game.tw-pddl
R2-experiment-student-inj-warm,32,pick_heat_then_place,0,49,20,0,0,234.0,/Users/turbineyan/workspace/01-repo/03-agents/Turbo-pi/packages/agent-server/eval/alfworld_data/json_2.1.1/valid_unseen/pick_heat_then_place_in_recep-Apple-None-GarbageCan-10/trial_T20190908_145356_918528/game.tw-pddl
R2-experiment-student-inj-warm,33,look_at_obj,0,49,0,0,0,225.0,/Users/turbineyan/workspace/01-repo/03-agents/Turbo-pi/packages/agent-server/eval/alfworld_data/json_2.1.1/valid_unseen/look_at_obj_in_light-CD-None-DeskLamp-308/trial_T20190908_141942_810052/game.tw-pddl
R2-experiment-student-inj-warm,34,pick_cool_then_place,1,5,0,0,0,46.1,/Users/turbineyan/workspace/01-repo/03-agents/Turbo-pi/packages/agent-server/eval/alfworld_data/json_2.1.1/valid_unseen/pick_cool_then_place_in_recep-Pan-None-CounterTop-10/trial_T20190908_114622_738670/game.tw-pddl
R2-experiment-student-inj-warm,35,pick_two_obj,0,49,15,0,0,253.7,/Users/turbineyan/workspace/01-repo/03-agents/Turbo-pi/packages/agent-server/eval/alfworld_data/json_2.1.1/valid_unseen/pick_two_obj_and_place-Pillow-None-Sofa-219/trial_T20190907_163327_486300/game.tw-pddl
R2-experiment-student-inj-warm,36,pick_heat_then_place,0,49,12,0,0,311.8,/Users/turbineyan/workspace/01-repo/03-agents/Turbo-pi/packages/agent-server/eval/alfworld_data/json_2.1.1/valid_unseen/pick_heat_then_place_in_recep-Cup-None-Cabinet-10/trial_T20190907_083429_887065/game.tw-pddl
R2-experiment-student-inj-warm,37,pick_clean_then_place,0,49,5,0,0,359.3,/Users/turbineyan/workspace/01-repo/03-agents/Turbo-pi/packages/agent-server/eval/alfworld_data/json_2.1.1/valid_unseen/pick_clean_then_place_in_recep-Knife-None-CounterTop-10/trial_T20190909_110531_148235/game.tw-pddl
R2-experiment-student-inj-warm,38,look_at_obj,1,13,2,0,0,67.6,/Users/turbineyan/workspace/01-repo/03-agents/Turbo-pi/packages/agent-server/eval/alfworld_data/json_2.1.1/valid_unseen/look_at_obj_in_light-AlarmClock-None-DeskLamp-308/trial_T20190908_222933_607649/game.tw-pddl
R2-experiment-student-inj-warm,39,pick_cool_then_place,0,49,8,0,0,282.6,/Users/turbineyan/workspace/01-repo/03-agents/Turbo-pi/packages/agent-server/eval/alfworld_data/json_2.1.1/valid_unseen/pick_cool_then_place_in_recep-Mug-None-CoffeeMachine-10/trial_T20190907_183807_477267/game.tw-pddl
R2-experiment-student-inj-warm,40,pick_cool_then_place,0,49,21,0,0,376.7,/Users/turbineyan/workspace/01-repo/03-agents/Turbo-pi/packages/agent-server/eval/alfworld_data/json_2.1.1/valid_unseen/pick_cool_then_place_in_recep-Bread-None-CounterTop-10/trial_T20190908_091811_414150/game.tw-pddl
R2-experiment-student-inj-warm,41,look_at_obj,1,28,1,0,0,131.4,/Users/turbineyan/workspace/01-repo/03-agents/Turbo-pi/packages/agent-server/eval/alfworld_data/json_2.1.1/valid_unseen/look_at_obj_in_light-Pencil-None-DeskLamp-308/trial_T20190908_220656_510400/game.tw-pddl
R2-experiment-student-inj-warm,42,pick_two_obj,0,49,41,0,0,185.9,/Users/turbineyan/workspace/01-repo/03-agents/Turbo-pi/packages/agent-server/eval/alfworld_data/json_2.1.1/valid_unseen/pick_two_obj_and_place-KeyChain-None-Safe-219/trial_T20190909_012027_782483/game.tw-pddl
R2-experiment-student-inj-warm,43,pick_two_obj,0,49,23,0,0,290.5,/Users/turbineyan/workspace/01-repo/03-agents/Turbo-pi/packages/agent-server/eval/alfworld_data/json_2.1.1/valid_unseen/pick_two_obj_and_place-PepperShaker-None-Drawer-10/trial_T20190908_010306_215435/game.tw-pddl
R2-experiment-student-inj-warm,44,pick_cool_then_place,0,49,8,0,0,345.0,/Users/turbineyan/workspace/01-repo/03-agents/Turbo-pi/packages/agent-server/eval/alfworld_data/json_2.1.1/valid_unseen/pick_cool_then_place_in_recep-Pan-None-CounterTop-10/trial_T20190908_114545_244903/game.tw-pddl
R2-experiment-student-inj-warm,45,pick_and_place,0,49,7,0,0,248.9,/Users/turbineyan/workspace/01-repo/03-agents/Turbo-pi/packages/agent-server/eval/alfworld_data/json_2.1.1/valid_unseen/pick_and_place_simple-Pencil-None-Shelf-308/trial_T20190908_121952_610012/game.tw-pddl
R2-experiment-student-inj-warm,46,pick_and_place,0,49,4,0,0,266.0,/Users/turbineyan/workspace/01-repo/03-agents/Turbo-pi/packages/agent-server/eval/alfworld_data/json_2.1.1/valid_unseen/pick_and_place_simple-SoapBottle-None-Toilet-424/trial_T20190907_004321_405868/game.tw-pddl
R2-experiment-student-inj-warm,47,pick_two_obj,0,49,25,0,0,238.2,/Users/turbineyan/workspace/01-repo/03-agents/Turbo-pi/packages/agent-server/eval/alfworld_data/json_2.1.1/valid_unseen/pick_two_obj_and_place-PepperShaker-None-Drawer-10/trial_T20190912_221016_460197/game.tw-pddl
R2-experiment-student-inj-warm,48,pick_clean_then_place,0,49,4,0,0,431.3,/Users/turbineyan/workspace/01-repo/03-agents/Turbo-pi/packages/agent-server/eval/alfworld_data/json_2.1.1/valid_unseen/pick_clean_then_place_in_recep-Plate-None-CounterTop-10/trial_T20190908_213533_897289/game.tw-pddl
R2-experiment-student-inj-warm,49,pick_heat_then_place,0,49,15,0,0,302.8,/Users/turbineyan/workspace/01-repo/03-agents/Turbo-pi/packages/agent-server/eval/alfworld_data/json_2.1.1/valid_unseen/pick_heat_then_place_in_recep-Egg-None-GarbageCan-10/trial_T20190908_113523_123938/game.tw-pddl
R2-experiment-student-inj-warm,50,pick_cool_then_place,0,49,7,0,0,324.1,/Users/turbineyan/workspace/01-repo/03-agents/Turbo-pi/packages/agent-server/eval/alfworld_data/json_2.1.1/valid_unseen/pick_cool_then_place_in_recep-Potato-None-Microwave-10/trial_T20190907_033228_194678/game.tw-pddl
R2-experiment-student-inj-warm,51,pick_and_place,0,49,14,0,0,343.9,/Users/turbineyan/workspace/01-repo/03-agents/Turbo-pi/packages/agent-server/eval/alfworld_data/json_2.1.1/valid_unseen/pick_and_place_simple-Mug-None-Desk-308/trial_T20190909_210238_431966/game.tw-pddl
R2-experiment-student-inj-warm,52,pick_heat_then_place,0,49,8,0,0,283.9,/Users/turbineyan/workspace/01-repo/03-agents/Turbo-pi/packages/agent-server/eval/alfworld_data/json_2.1.1/valid_unseen/pick_heat_then_place_in_recep-Potato-None-GarbageCan-10/trial_T20190907_161853_945788/game.tw-pddl
R2-experiment-student-inj-warm,53,pick_two_obj,0,49,31,0,0,230.0,/Users/turbineyan/workspace/01-repo/03-agents/Turbo-pi/packages/agent-server/eval/alfworld_data/json_2.1.1/valid_unseen/pick_two_obj_and_place-SoapBar-None-Cabinet-424/trial_T20190909_081746_857594/game.tw-pddl
R2-experiment-student-inj-warm,54,pick_heat_then_place,0,49,23,0,0,288.5,/Users/turbineyan/workspace/01-repo/03-agents/Turbo-pi/packages/agent-server/eval/alfworld_data/json_2.1.1/valid_unseen/pick_heat_then_place_in_recep-Apple-None-Fridge-10/trial_T20190906_182259_116320/game.tw-pddl
R2-experiment-student-inj-warm,55,pick_two_obj,0,49,25,0,0,204.9,/Users/turbineyan/workspace/01-repo/03-agents/Turbo-pi/packages/agent-server/eval/alfworld_data/json_2.1.1/valid_unseen/pick_two_obj_and_place-Pillow-None-Sofa-219/trial_T20190907_163408_914117/game.tw-pddl
R2-experiment-student-inj-warm,56,pick_clean_then_place,0,49,8,0,0,335.5,/Users/turbineyan/workspace/01-repo/03-agents/Turbo-pi/packages/agent-server/eval/alfworld_data/json_2.1.1/valid_unseen/pick_clean_then_place_in_recep-Mug-None-CoffeeMachine-10/trial_T20190907_221208_560499/game.tw-pddl
R2-experiment-student-inj-warm,57,pick_and_place,0,49,11,0,0,299.0,/Users/turbineyan/workspace/01-repo/03-agents/Turbo-pi/packages/agent-server/eval/alfworld_data/json_2.1.1/valid_unseen/pick_and_place_simple-PepperShaker-None-Drawer-10/trial_T20190918_154326_823501/game.tw-pddl
R2-experiment-student-inj-warm,58,pick_and_place,0,49,21,0,0,226.0,/Users/turbineyan/workspace/01-repo/03-agents/Turbo-pi/packages/agent-server/eval/alfworld_data/json_2.1.1/valid_unseen/pick_and_place_simple-Watch-None-Safe-219/trial_T20190907_074524_006355/game.tw-pddl
R2-experiment-student-inj-warm,59,pick_heat_then_place,0,49,10,0,0,293.8,/Users/turbineyan/workspace/01-repo/03-agents/Turbo-pi/packages/agent-server/eval/alfworld_data/json_2.1.1/valid_unseen/pick_heat_then_place_in_recep-Tomato-None-GarbageCan-10/trial_T20190908_225359_617900/game.tw-pddl
R2-experiment-student-inj-warm,60,look_at_obj,1,45,5,0,0,244.6,/Users/turbineyan/workspace/01-repo/03-agents/Turbo-pi/packages/agent-server/eval/alfworld_data/json_2.1.1/valid_unseen/look_at_obj_in_light-Book-None-DeskLamp-308/trial_T20190908_020048_814402/game.tw-pddl
R2-experiment-student-inj-warm,61,pick_cool_then_place,0,49,11,0,0,311.0,/Users/turbineyan/workspace/01-repo/03-agents/Turbo-pi/packages/agent-server/eval/alfworld_data/json_2.1.1/valid_unseen/pick_cool_then_place_in_recep-Potato-None-Microwave-10/trial_T20190907_033306_962974/game.tw-pddl
R2-experiment-student-inj-warm,62,look_at_obj,1,11,1,0,0,65.4,/Users/turbineyan/workspace/01-repo/03-agents/Turbo-pi/packages/agent-server/eval/alfworld_data/json_2.1.1/valid_unseen/look_at_obj_in_light-CD-None-DeskLamp-308/trial_T20190908_141958_463362/game.tw-pddl
R2-experiment-student-inj-warm,63,pick_heat_then_place,0,49,19,0,0,300.5,/Users/turbineyan/workspace/01-repo/03-agents/Turbo-pi/packages/agent-server/eval/alfworld_data/json_2.1.1/valid_unseen/pick_heat_then_place_in_recep-Mug-None-CoffeeMachine-10/trial_T20190907_171806_406231/game.tw-pddl
R2-experiment-student-inj-warm,64,look_at_obj,0,49,1,0,0,266.7,/Users/turbineyan/workspace/01-repo/03-agents/Turbo-pi/packages/agent-server/eval/alfworld_data/json_2.1.1/valid_unseen/look_at_obj_in_light-Pencil-None-DeskLamp-308/trial_T20190908_220545_153480/game.tw-pddl
R2-experiment-student-inj-warm,65,pick_clean_then_place,0,49,16,0,0,282.3,/Users/turbineyan/workspace/01-repo/03-agents/Turbo-pi/packages/agent-server/eval/alfworld_data/json_2.1.1/valid_unseen/pick_clean_then_place_in_recep-SoapBar-None-Cabinet-424/trial_T20190908_215019_162873/game.tw-pddl
R2-experiment-student-inj-warm,66,pick_heat_then_place,0,49,3,0,0,243.9,/Users/turbineyan/workspace/01-repo/03-agents/Turbo-pi/packages/agent-server/eval/alfworld_data/json_2.1.1/valid_unseen/pick_heat_then_place_in_recep-Apple-None-Fridge-10/trial_T20190906_182435_622538/game.tw-pddl
R2-experiment-student-inj-warm,67,look_at_obj,1,42,3,0,0,207.9,/Users/turbineyan/workspace/01-repo/03-agents/Turbo-pi/packages/agent-server/eval/alfworld_data/json_2.1.1/valid_unseen/look_at_obj_in_light-Book-None-DeskLamp-308/trial_T20190908_144951_587345/game.tw-pddl
R2-experiment-student-inj-warm,68,pick_heat_then_place,0,49,20,0,0,314.2,/Users/turbineyan/workspace/01-repo/03-agents/Turbo-pi/packages/agent-server/eval/alfworld_data/json_2.1.1/valid_unseen/pick_heat_then_place_in_recep-Mug-None-Cabinet-10/trial_T20190909_021200_669381/game.tw-pddl
R2-experiment-student-inj-warm,69,look_at_obj,0,49,3,0,0,282.5,/Users/turbineyan/workspace/01-repo/03-agents/Turbo-pi/packages/agent-server/eval/alfworld_data/json_2.1.1/valid_unseen/look_at_obj_in_light-Bowl-None-DeskLamp-308/trial_T20190907_133935_066606/game.tw-pddl
R2-experiment-student-inj-warm,70,pick_two_obj,0,49,33,0,0,210.5,/Users/turbineyan/workspace/01-repo/03-agents/Turbo-pi/packages/agent-server/eval/alfworld_data/json_2.1.1/valid_unseen/pick_two_obj_and_place-Pillow-None-Sofa-219/trial_T20190907_163240_345855/game.tw-pddl
R2-experiment-student-inj-warm,71,pick_heat_then_place,0,49,2,0,0,209.2,/Users/turbineyan/workspace/01-repo/03-agents/Turbo-pi/packages/agent-server/eval/alfworld_data/json_2.1.1/valid_unseen/pick_heat_then_place_in_recep-Mug-None-CoffeeMachine-10/trial_T20190907_171850_960211/game.tw-pddl
R2-experiment-student-inj-warm,72,pick_cool_then_place,0,49,33,0,0,300.1,/Users/turbineyan/workspace/01-repo/03-agents/Turbo-pi/packages/agent-server/eval/alfworld_data/json_2.1.1/valid_unseen/pick_cool_then_place_in_recep-Tomato-None-Microwave-10/trial_T20190909_102608_318800/game.tw-pddl
R2-experiment-student-inj-warm,73,pick_and_place,0,49,12,0,0,282.0,/Users/turbineyan/workspace/01-repo/03-agents/Turbo-pi/packages/agent-server/eval/alfworld_data/json_2.1.1/valid_unseen/pick_and_place_simple-Mug-None-Desk-308/trial_T20190908_125200_737896/game.tw-pddl
R2-experiment-student-inj-warm,74,pick_clean_then_place,0,49,3,0,0,269.1,/Users/turbineyan/workspace/01-repo/03-agents/Turbo-pi/packages/agent-server/eval/alfworld_data/json_2.1.1/valid_unseen/pick_clean_then_place_in_recep-Egg-None-Microwave-10/trial_T20190909_120554_888709/game.tw-pddl
R2-experiment-student-inj-warm,75,pick_heat_then_place,0,49,7,0,0,268.6,/Users/turbineyan/workspace/01-repo/03-agents/Turbo-pi/packages/agent-server/eval/alfworld_data/json_2.1.1/valid_unseen/pick_heat_then_place_in_recep-Tomato-None-GarbageCan-10/trial_T20190908_225046_020282/game.tw-pddl
R2-experiment-student-inj-warm,76,pick_clean_then_place,0,49,4,0,0,334.9,/Users/turbineyan/workspace/01-repo/03-agents/Turbo-pi/packages/agent-server/eval/alfworld_data/json_2.1.1/valid_unseen/pick_clean_then_place_in_recep-Bowl-None-Cabinet-10/trial_T20190909_061232_368489/game.tw-pddl
R2-experiment-student-inj-warm,77,pick_cool_then_place,0,49,8,0,0,281.2,/Users/turbineyan/workspace/01-repo/03-agents/Turbo-pi/packages/agent-server/eval/alfworld_data/json_2.1.1/valid_unseen/pick_cool_then_place_in_recep-Mug-None-Cabinet-10/trial_T20190909_121559_082363/game.tw-pddl
R2-experiment-student-inj-warm,78,pick_clean_then_place,0,49,22,0,0,555.2,/Users/turbineyan/workspace/01-repo/03-agents/Turbo-pi/packages/agent-server/eval/alfworld_data/json_2.1.1/valid_unseen/pick_clean_then_place_in_recep-Spatula-None-Drawer-10/trial_T20190907_080730_211959/game.tw-pddl
R2-experiment-student-inj-warm,79,pick_clean_then_place,0,49,8,0,0,263.4,/Users/turbineyan/workspace/01-repo/03-agents/Turbo-pi/packages/agent-server/eval/alfworld_data/json_2.1.1/valid_unseen/pick_clean_then_place_in_recep-Mug-None-CoffeeMachine-10/trial_T20190907_221300_362511/game.tw-pddl
R2-experiment-student-inj-warm,80,pick_clean_then_place,0,49,22,0,0,264.7,/Users/turbineyan/workspace/01-repo/03-agents/Turbo-pi/packages/agent-server/eval/alfworld_data/json_2.1.1/valid_unseen/pick_clean_then_place_in_recep-Spatula-None-Drawer-10/trial_T20190907_080825_222432/game.tw-pddl
R2-experiment-student-inj-warm,81,pick_and_place,0,49,24,0,0,214.3,/Users/turbineyan/workspace/01-repo/03-agents/Turbo-pi/packages/agent-server/eval/alfworld_data/json_2.1.1/valid_unseen/pick_and_place_simple-Watch-None-Safe-219/trial_T20190907_074643_810052/game.tw-pddl
R2-experiment-student-inj-warm,82,look_at_obj,1,29,5,0,0,118.3,/Users/turbineyan/workspace/01-repo/03-agents/Turbo-pi/packages/agent-server/eval/alfworld_data/json_2.1.1/valid_unseen/look_at_obj_in_light-Pencil-None-DeskLamp-308/trial_T20190908_220604_010430/game.tw-pddl
R2-experiment-student-inj-warm,83,pick_clean_then_place,0,49,8,0,0,305.6,/Users/turbineyan/workspace/01-repo/03-agents/Turbo-pi/packages/agent-server/eval/alfworld_data/json_2.1.1/valid_unseen/pick_clean_then_place_in_recep-Cloth-None-Cabinet-424/trial_T20190908_022321_380927/game.tw-pddl
R2-experiment-student-inj-warm,84,pick_and_place,0,49,12,0,0,300.5,/Users/turbineyan/workspace/01-repo/03-agents/Turbo-pi/packages/agent-server/eval/alfworld_data/json_2.1.1/valid_unseen/pick_and_place_simple-SaltShaker-None-Drawer-10/trial_T20190909_021650_880235/game.tw-pddl
R2-experiment-student-inj-warm,85,pick_two_obj,0,49,13,0,0,230.2,/Users/turbineyan/workspace/01-repo/03-agents/Turbo-pi/packages/agent-server/eval/alfworld_data/json_2.1.1/valid_unseen/pick_two_obj_and_place-CD-None-Safe-308/trial_T20190907_050942_897916/game.tw-pddl
R2-experiment-student-inj-warm,86,pick_heat_then_place,0,49,16,0,0,266.0,/Users/turbineyan/workspace/01-repo/03-agents/Turbo-pi/packages/agent-server/eval/alfworld_data/json_2.1.1/valid_unseen/pick_heat_then_place_in_recep-Apple-None-GarbageCan-10/trial_T20190908_145143_820541/game.tw-pddl
R2-experiment-student-inj-warm,87,look_at_obj,1,6,0,0,0,39.0,/Users/turbineyan/workspace/01-repo/03-agents/Turbo-pi/packages/agent-server/eval/alfworld_data/json_2.1.1/valid_unseen/look_at_obj_in_light-Mug-None-DeskLamp-308/trial_T20190908_201421_021646/game.tw-pddl
R2-experiment-student-inj-warm,88,pick_cool_then_place,0,49,6,0,0,372.5,/Users/turbineyan/workspace/01-repo/03-agents/Turbo-pi/packages/agent-server/eval/alfworld_data/json_2.1.1/valid_unseen/pick_cool_then_place_in_recep-Pan-None-CounterTop-10/trial_T20190908_114656_768805/game.tw-pddl
R2-experiment-student-inj-warm,89,pick_heat_then_place,0,49,2,0,0,251.2,/Users/turbineyan/workspace/01-repo/03-agents/Turbo-pi/packages/agent-server/eval/alfworld_data/json_2.1.1/valid_unseen/pick_heat_then_place_in_recep-Apple-None-Fridge-10/trial_T20190906_182353_418140/game.tw-pddl
R2-experiment-student-inj-warm,90,pick_and_place,0,49,25,0,0,215.9,/Users/turbineyan/workspace/01-repo/03-agents/Turbo-pi/packages/agent-server/eval/alfworld_data/json_2.1.1/valid_unseen/pick_and_place_simple-SaltShaker-None-Cabinet-10/trial_T20190906_191445_723170/game.tw-pddl
R2-experiment-student-inj-warm,91,pick_clean_then_place,0,49,34,0,0,275.2,/Users/turbineyan/workspace/01-repo/03-agents/Turbo-pi/packages/agent-server/eval/alfworld_data/json_2.1.1/valid_unseen/pick_clean_then_place_in_recep-Cloth-None-Cabinet-424/trial_T20190908_022436_073995/game.tw-pddl
R2-experiment-student-inj-warm,92,pick_clean_then_place,0,49,14,0,0,257.1,/Users/turbineyan/workspace/01-repo/03-agents/Turbo-pi/packages/agent-server/eval/alfworld_data/json_2.1.1/valid_unseen/pick_clean_then_place_in_recep-Pan-None-CounterTop-10/trial_T20190908_032543_712058/game.tw-pddl
R2-experiment-student-inj-warm,93,pick_clean_then_place,0,49,39,0,0,254.6,/Users/turbineyan/workspace/01-repo/03-agents/Turbo-pi/packages/agent-server/eval/alfworld_data/json_2.1.1/valid_unseen/pick_clean_then_place_in_recep-Spatula-None-Drawer-10/trial_T20190907_080800_275989/game.tw-pddl
R2-experiment-student-inj-warm,94,look_at_obj,1,9,0,0,0,58.3,/Users/turbineyan/workspace/01-repo/03-agents/Turbo-pi/packages/agent-server/eval/alfworld_data/json_2.1.1/valid_unseen/look_at_obj_in_light-Mug-None-DeskLamp-308/trial_T20190908_201444_037645/game.tw-pddl
R2-experiment-student-inj-warm,95,pick_cool_then_place,0,49,26,0,0,249.7,/Users/turbineyan/workspace/01-repo/03-agents/Turbo-pi/packages/agent-server/eval/alfworld_data/json_2.1.1/valid_unseen/pick_cool_then_place_in_recep-Mug-None-Cabinet-10/trial_T20190909_121710_650938/game.tw-pddl
R2-experiment-student-inj-warm,96,pick_heat_then_place,0,49,9,0,0,282.9,/Users/turbineyan/workspace/01-repo/03-agents/Turbo-pi/packages/agent-server/eval/alfworld_data/json_2.1.1/valid_unseen/pick_heat_then_place_in_recep-Mug-None-Cabinet-10/trial_T20190909_021100_341887/game.tw-pddl
R2-experiment-student-inj-warm,97,pick_clean_then_place,0,49,17,0,0,288.7,/Users/turbineyan/workspace/01-repo/03-agents/Turbo-pi/packages/agent-server/eval/alfworld_data/json_2.1.1/valid_unseen/pick_clean_then_place_in_recep-SoapBar-None-Cabinet-424/trial_T20190908_214946_567644/game.tw-pddl
R2-experiment-student-inj-warm,98,look_at_obj,0,49,2,0,0,229.1,/Users/turbineyan/workspace/01-repo/03-agents/Turbo-pi/packages/agent-server/eval/alfworld_data/json_2.1.1/valid_unseen/look_at_obj_in_light-Mug-None-DeskLamp-308/trial_T20190908_161733_213242/game.tw-pddl
R2-experiment-student-inj-warm,99,pick_and_place,0,49,11,0,0,317.8,/Users/turbineyan/workspace/01-repo/03-agents/Turbo-pi/packages/agent-server/eval/alfworld_data/json_2.1.1/valid_unseen/pick_and_place_simple-Mug-None-Desk-308/trial_T20190909_203041_433487/game.tw-pddl
R2-experiment-student-inj-warm,100,look_at_obj,0,49,5,0,0,234.8,/Users/turbineyan/workspace/01-repo/03-agents/Turbo-pi/packages/agent-server/eval/alfworld_data/json_2.1.1/valid_unseen/look_at_obj_in_light-AlarmClock-None-DeskLamp-308/trial_T20190908_222951_616606/game.tw-pddl
R2-experiment-student-inj-warm,101,look_at_obj,0,49,17,0,0,206.5,/Users/turbineyan/workspace/01-repo/03-agents/Turbo-pi/packages/agent-server/eval/alfworld_data/json_2.1.1/valid_unseen/look_at_obj_in_light-Book-None-DeskLamp-308/trial_T20190908_020029_636862/game.tw-pddl
R2-experiment-student-inj-warm,102,pick_two_obj,0,49,32,0,0,234.7,/Users/turbineyan/workspace/01-repo/03-agents/Turbo-pi/packages/agent-server/eval/alfworld_data/json_2.1.1/valid_unseen/pick_two_obj_and_place-SoapBar-None-GarbageCan-424/trial_T20190909_064053_839817/game.tw-pddl
R2-experiment-student-inj-warm,103,pick_cool_then_place,0,49,3,0,0,221.2,/Users/turbineyan/workspace/01-repo/03-agents/Turbo-pi/packages/agent-server/eval/alfworld_data/json_2.1.1/valid_unseen/pick_cool_then_place_in_recep-Bread-None-CounterTop-10/trial_T20190908_091835_825830/game.tw-pddl
R2-experiment-student-inj-warm,104,look_at_obj,0,49,13,0,0,260.1,/Users/turbineyan/workspace/01-repo/03-agents/Turbo-pi/packages/agent-server/eval/alfworld_data/json_2.1.1/valid_unseen/look_at_obj_in_light-AlarmClock-None-DeskLamp-308/trial_T20190908_222917_366542/game.tw-pddl
R2-experiment-student-inj-warm,105,look_at_obj,1,5,0,0,0,28.7,/Users/turbineyan/workspace/01-repo/03-agents/Turbo-pi/packages/agent-server/eval/alfworld_data/json_2.1.1/valid_unseen/look_at_obj_in_light-CD-None-DeskLamp-308/trial_T20190908_142046_281296/game.tw-pddl
R2-experiment-student-inj-warm,106,pick_heat_then_place,0,49,6,0,0,287.8,/Users/turbineyan/workspace/01-repo/03-agents/Turbo-pi/packages/agent-server/eval/alfworld_data/json_2.1.1/valid_unseen/pick_heat_then_place_in_recep-Egg-None-GarbageCan-10/trial_T20190908_113432_673307/game.tw-pddl
R2-experiment-student-inj-warm,107,pick_clean_then_place,0,49,22,0,0,312.8,/Users/turbineyan/workspace/01-repo/03-agents/Turbo-pi/packages/agent-server/eval/alfworld_data/json_2.1.1/valid_unseen/pick_clean_then_place_in_recep-SoapBar-None-CounterTop-424/trial_T20190907_074045_109439/game.tw-pddl
R2-experiment-student-inj-warm,108,pick_two_obj,0,49,23,0,0,224.9,/Users/turbineyan/workspace/01-repo/03-agents/Turbo-pi/packages/agent-server/eval/alfworld_data/json_2.1.1/valid_unseen/pick_two_obj_and_place-SoapBar-None-GarbageCan-424/trial_T20190909_064309_357168/game.tw-pddl
R2-experiment-student-inj-warm,109,pick_and_place,0,49,22,0,0,274.6,/Users/turbineyan/workspace/01-repo/03-agents/Turbo-pi/packages/agent-server/eval/alfworld_data/json_2.1.1/valid_unseen/pick_and_place_simple-SoapBottle-None-Toilet-424/trial_T20190907_004351_281384/game.tw-pddl
R2-experiment-student-inj-warm,110,pick_and_place,0,49,29,0,0,205.9,/Users/turbineyan/workspace/01-repo/03-agents/Turbo-pi/packages/agent-server/eval/alfworld_data/json_2.1.1/valid_unseen/pick_and_place_simple-Vase-None-Safe-219/trial_T20190908_205221_748352/game.tw-pddl
R2-experiment-student-inj-warm,111,pick_cool_then_place,0,49,11,0,0,300.3,/Users/turbineyan/workspace/01-repo/03-agents/Turbo-pi/packages/agent-server/eval/alfworld_data/json_2.1.1/valid_unseen/pick_cool_then_place_in_recep-Lettuce-None-CounterTop-10/trial_T20190909_123133_763972/game.tw-pddl
R2-experiment-student-inj-warm,112,pick_two_obj,0,49,33,0,0,228.0,/Users/turbineyan/workspace/01-repo/03-agents/Turbo-pi/packages/agent-server/eval/alfworld_data/json_2.1.1/valid_unseen/pick_two_obj_and_place-CD-None-Safe-308/trial_T20190907_051056_585414/game.tw-pddl
R2-experiment-student-inj-warm,113,pick_clean_then_place,0,49,12,0,0,362.5,/Users/turbineyan/workspace/01-repo/03-agents/Turbo-pi/packages/agent-server/eval/alfworld_data/json_2.1.1/valid_unseen/pick_clean_then_place_in_recep-Egg-None-Microwave-10/trial_T20190909_120632_691361/game.tw-pddl
R2-experiment-student-inj-warm,114,pick_two_obj,0,49,21,0,0,256.6,/Users/turbineyan/workspace/01-repo/03-agents/Turbo-pi/packages/agent-server/eval/alfworld_data/json_2.1.1/valid_unseen/pick_two_obj_and_place-ToiletPaper-None-Cabinet-424/trial_T20190906_202926_527010/game.tw-pddl
R2-experiment-student-inj-warm,115,pick_cool_then_place,0,49,9,0,0,334.8,/Users/turbineyan/workspace/01-repo/03-agents/Turbo-pi/packages/agent-server/eval/alfworld_data/json_2.1.1/valid_unseen/pick_cool_then_place_in_recep-Bread-None-CounterTop-10/trial_T20190908_091747_866951/game.tw-pddl
R2-experiment-student-inj-warm,116,pick_cool_then_place,0,49,11,0,0,256.2,/Users/turbineyan/workspace/01-repo/03-agents/Turbo-pi/packages/agent-server/eval/alfworld_data/json_2.1.1/valid_unseen/pick_cool_then_place_in_recep-Mug-None-Cabinet-10/trial_T20190909_121635_622676/game.tw-pddl
R2-experiment-student-inj-warm,117,pick_clean_then_place,0,49,18,0,0,284.3,/Users/turbineyan/workspace/01-repo/03-agents/Turbo-pi/packages/agent-server/eval/alfworld_data/json_2.1.1/valid_unseen/pick_clean_then_place_in_recep-SoapBar-None-CounterTop-424/trial_T20190907_074124_966890/game.tw-pddl
R2-experiment-student-inj-warm,118,pick_cool_then_place,0,49,4,0,0,321.5,/Users/turbineyan/workspace/01-repo/03-agents/Turbo-pi/packages/agent-server/eval/alfworld_data/json_2.1.1/valid_unseen/pick_cool_then_place_in_recep-Tomato-None-Microwave-10/trial_T20190909_102644_926781/game.tw-pddl
R2-experiment-student-inj-warm,119,pick_heat_then_place,0,49,6,0,0,259.7,/Users/turbineyan/workspace/01-repo/03-agents/Turbo-pi/packages/agent-server/eval/alfworld_data/json_2.1.1/valid_unseen/pick_heat_then_place_in_recep-Potato-None-GarbageCan-10/trial_T20190907_161745_664033/game.tw-pddl
R2-experiment-student-inj-warm,120,pick_two_obj,0,49,37,0,0,204.7,/Users/turbineyan/workspace/01-repo/03-agents/Turbo-pi/packages/agent-server/eval/alfworld_data/json_2.1.1/valid_unseen/pick_two_obj_and_place-KeyChain-None-Safe-219/trial_T20190909_011803_423115/game.tw-pddl
R2-experiment-student-inj-warm,121,pick_clean_then_place,0,49,5,0,0,342.0,/Users/turbineyan/workspace/01-repo/03-agents/Turbo-pi/packages/agent-server/eval/alfworld_data/json_2.1.1/valid_unseen/pick_clean_then_place_in_recep-Pan-None-CounterTop-10/trial_T20190908_032434_013084/game.tw-pddl
R2-experiment-student-inj-warm,122,pick_two_obj,0,49,13,0,0,244.1,/Users/turbineyan/workspace/01-repo/03-agents/Turbo-pi/packages/agent-server/eval/alfworld_data/json_2.1.1/valid_unseen/pick_two_obj_and_place-CD-None-Safe-308/trial_T20190907_051013_060265/game.tw-pddl
R2-experiment-student-inj-warm,123,pick_and_place,0,49,24,0,0,286.2,/Users/turbineyan/workspace/01-repo/03-agents/Turbo-pi/packages/agent-server/eval/alfworld_data/json_2.1.1/valid_unseen/pick_and_place_simple-PepperShaker-None-Drawer-10/trial_T20190918_154424_844749/game.tw-pddl
R2-experiment-student-inj-warm,124,pick_two_obj,0,49,20,0,0,265.0,/Users/turbineyan/workspace/01-repo/03-agents/Turbo-pi/packages/agent-server/eval/alfworld_data/json_2.1.1/valid_unseen/pick_two_obj_and_place-PepperShaker-None-Drawer-10/trial_T20190912_221141_608117/game.tw-pddl
R2-experiment-student-inj-warm,125,pick_heat_then_place,0,49,21,0,0,215.8,/Users/turbineyan/workspace/01-repo/03-agents/Turbo-pi/packages/agent-server/eval/alfworld_data/json_2.1.1/valid_unseen/pick_heat_then_place_in_recep-Mug-None-Cabinet-10/trial_T20190909_021247_306737/game.tw-pddl
R2-experiment-student-inj-warm,126,pick_two_obj,0,49,8,0,0,244.2,/Users/turbineyan/workspace/01-repo/03-agents/Turbo-pi/packages/agent-server/eval/alfworld_data/json_2.1.1/valid_unseen/pick_two_obj_and_place-SoapBar-None-Cabinet-424/trial_T20190909_081720_491733/game.tw-pddl
R2-experiment-student-inj-warm,127,pick_clean_then_place,0,49,16,0,0,245.0,/Users/turbineyan/workspace/01-repo/03-agents/Turbo-pi/packages/agent-server/eval/alfworld_data/json_2.1.1/valid_unseen/pick_clean_then_place_in_recep-Bowl-None-Cabinet-10/trial_T20190909_061158_110530/game.tw-pddl
R2-experiment-student-inj-warm,128,pick_and_place,0,49,12,0,0,346.8,/Users/turbineyan/workspace/01-repo/03-agents/Turbo-pi/packages/agent-server/eval/alfworld_data/json_2.1.1/valid_unseen/pick_and_place_simple-SaltShaker-None-Drawer-10/trial_T20190909_021613_077537/game.tw-pddl
R2-experiment-student-inj-warm,129,pick_and_place,0,49,28,0,0,248.8,/Users/turbineyan/workspace/01-repo/03-agents/Turbo-pi/packages/agent-server/eval/alfworld_data/json_2.1.1/valid_unseen/pick_and_place_simple-Pencil-None-Shelf-308/trial_T20190908_122154_042763/game.tw-pddl
R2-experiment-student-inj-warm,130,pick_heat_then_place,0,49,8,0,0,327.9,/Users/turbineyan/workspace/01-repo/03-agents/Turbo-pi/packages/agent-server/eval/alfworld_data/json_2.1.1/valid_unseen/pick_heat_then_place_in_recep-Tomato-None-GarbageCan-10/trial_T20190908_225453_272533/game.tw-pddl
R2-experiment-student-inj-warm,131,pick_clean_then_place,0,49,30,0,0,369.6,/Users/turbineyan/workspace/01-repo/03-agents/Turbo-pi/packages/agent-server/eval/alfworld_data/json_2.1.1/valid_unseen/pick_clean_then_place_in_recep-Knife-None-CounterTop-10/trial_T20190909_110445_675754/game.tw-pddl
R2-experiment-student-inj-warm,132,pick_and_place,0,49,7,0,0,259.8,/Users/turbineyan/workspace/01-repo/03-agents/Turbo-pi/packages/agent-server/eval/alfworld_data/json_2.1.1/valid_unseen/pick_and_place_simple-Vase-None-Safe-219/trial_T20190908_205246_776817/game.tw-pddl
R2-experiment-student-inj-warm,133,pick_clean_then_place,0,49,6,0,0,332.3,/Users/turbineyan/workspace/01-repo/03-agents/Turbo-pi/packages/agent-server/eval/alfworld_data/json_2.1.1/valid_unseen/pick_clean_then_place_in_recep-Cloth-None-CounterTop-424/trial_T20190908_100632_546757/game.tw-pddl
